184096565021911;1038670552897837;mostly true;PHOTOS: Protests in Charlotte, NC after fatal police shooting of Keith Lamont Scott: http://abcn.ws/2dfy8DJ;https://external.xx.fbcdn.net/safe_image.php?d=AQCxT5lkqdSAGxTb&url=http%3A%2F%2Fa.abcnews.com%2Fimages%2FUS%2FAP_Charlotte_Police_Fatal_Shooting2_ml_160922_4x3t_144.jpg&_nc_hash=AQC4cu43u6BKaQCG;./images/000_184096565021911_1038670552897837.jpg;
184096565021911;1038758292889063;mostly true;JUST IN: Ted Cruz announces in Facebook post he will vote for former rival Donald J. Trump in November:;https://scontent.xx.fbcdn.net/v/t1.0-9/14364737_1038758292889063_2351027085110168736_n.jpg?oh=3d64f9900f1fb605298cb853d9b005c3&oe=5AAA68D2;./images/001_184096565021911_1038758292889063.jpg;|Tms eIectIun Is unhke any umer In uur nauun‘s msmry LIKE many umer vmers I have sIruggIea m determme me ngm cuurse macnun m Ims generaI eIecImn In cIeveIand I urged vmers pIease dun‘t stay Name In Nuvember slam and speak and vme yuur cunsmence \Iute mrcanmdales up and down me Imxet vmum yuu Irusx m aerend am Ireeaum and m be IaImmI m we Cunsmutmn “ Aner many munms m carelul cunsIderatIun uvprayer and searchmg my awn mnscIence I have decIded that an EIectIun Day ||qu vute mrme Repubhcan numInee. DanaId Trump Ive made (ms decIsIun [urtwu reasuns Fm, Iastyear I prumIsed Ia suppanme Repubhcan numInee And I menu In Keep my ward semna even muugh I nave had areas at sIgnmcant dIsagreememem uur numInee by any measure HIHary cImwn Is wnuIIy unaccemame imax‘s why I have aIways been #NeverHIHary|
184096565021911;1041489252615967;mostly true;There have already been fireworks between Hillary Clinton and Donald J. Trump as the two candidates face off in the first presidential debate. Their best lines so far: http://abcn.ws/2d5dsiK #Debates;https://scontent.xx.fbcdn.net/v/t1.0-9/s720x720/14470487_1041489252615967_2767649267078640383_n.jpg?oh=6c0800d7bb562b5e933cd2b56ee58d00&oe=5A6B991C;./images/002_184096565021911_1041489252615967.jpg;m DONALD, I KNOW l‘YOU LIVE IN YOUR i ?OWN REALITY.
184096565021911;1041496015948624;mostly true;Debate fact-check: Donald J. Trump claims he did not say global warming is a Chinese hoax. Grade: False. http://abcn.ws/2d5eStA #Debates;https://scontent.xx.fbcdn.net/v/t1.0-9/s720x720/14457381_1041496015948624_2321277617948603766_n.jpg?oh=20ff0627394e329cea920615f1fdc1bc&oe=5AAF973D;./images/003_184096565021911_1041496015948624.jpg;@NEWSI PiiEﬁiDEN'ﬂ'mLDEATE 'VUMH' UDI‘J‘S'WVOTE * FACT * CHECK* TRUMP: HE DID NOT SAY GLOBAL WARMING IS A CHINESE HOAX
184096565021911;1041504402614452;mostly true;Debate fact-check: Donald J. Trump claims Hillary Clinton has been fighting ISIS her "entire adult life." Grade: False. http://abcn.ws/2czecPC #Debates;https://scontent.xx.fbcdn.net/v/t1.0-9/s720x720/14502795_1041504402614452_5280980712712235700_n.jpg?oh=e65ce54a2dcfff9c4becdf40ca477ef9&oe=5AAA12C5;./images/004_184096565021911_1041504402614452.jpg;@NEWSI PiiEﬁiDEN'ﬂ'mLDEATE 'VUMH' UDI‘J‘S'WVOTE * FACT * CHECK* TRUMP: CLINTON HAS BEEN FIGHTING ISIS HER ENTIRE ADULT LIFE
184096565021911;1041512352613657;mostly true;Debate fact-check: Donald J. Trump started his business with $14 million borrowed from his father. Grade: Yes and no. http://abcn.ws/2cReC05 #Debates;https://scontent.xx.fbcdn.net/v/t1.0-9/s720x720/14462887_1041512352613657_7030354207262486663_n.jpg?oh=d7adb0097fbf73e4d5ef6e6a50ab70b1&oe=5A9FCFFC;./images/005_184096565021911_1041512352613657.jpg;|®NEWSI PRESIDENT WALDEBATE "VUUR UUIbs'YOLRVOTE * FACT * CHECK* CLINTON: TRUMP STARTED HIS BUSINESS WITH $14 MILLION BORROWED FROM HIS FATHER, NOT $1MILL||ON T-\ :|
184096565021911;1041523679279191;mostly true;Debate fact-check: Donald J. Trump said Hillary Clinton called [the Trans Pacific Partnership] the "gold standard" of trade deals. Grade: Yes and no. http://abcn.ws/2d24wyB #Debates;https://scontent.xx.fbcdn.net/v/t1.0-9/s720x720/14494769_1041523679279191_8962146519405537994_n.jpg?oh=e6212613533149472d65a060bc15bd9d&oe=5A9EA79D;./images/006_184096565021911_1041523679279191.jpg;|@NEWSI PRESIDENT M—uLDEBATE "VUUH U013»: 'YOLRVOTE   *FACT*CH CK* TRUMP:   "YOU CALLED [THE TRANS PACIFIC PARTNERSH||P1THE GOLD STANDARD, YOU CALLED IT THE GOLD STANDARD OF TRADE DEALS. YOU SAID IT'S THE FINEST DEAL YOU’VE EVER SEEN.” _ .ﬁ I :|
184096565021911;1041533232611569;mostly true;Debate fact-check: Donald J. Trump says he has not suggested that he would negotiate down the national debt.. Grade: Yes and no. http://abcn.ws/2dmMt5I #Debates;https://scontent.xx.fbcdn.net/v/t1.0-9/s720x720/14502768_1041533232611569_7873939554656631185_n.jpg?oh=4869a1b0b161b60eeef985d9141179e7&oe=5AA6552C;./images/007_184096565021911_1041533232611569.jpg;®NEWSI PRESSUEN'I'MLDEBATE YUUH U013»: 'YOLRVOTE   * FACT * CHECK* TRUMP: SAYS HE HAS NOT SUGGESTED THAT HE WOULD NEGOTIATE DOWN THE NATIONAL DEBT.
184096565021911;1041555632609329;mostly true;Debate fact-check: "Hillary Clinton also fought it." Meaning Pres. Barack Obama's natural born citizenship. Grade: False. http://abcn.ws/2cRmfUg #Debates;https://scontent.xx.fbcdn.net/v/t1.0-9/s720x720/14479615_1041555632609329_5234743427907618742_n.jpg?oh=dfe1ea7cdc421f8d7557245c3228f04a&oe=5AA0A1C6;./images/008_184096565021911_1041555632609329.jpg;®NEWSI PRESSUEN'I'MLDEBATE YUUH U013»: 'YOLRVOTE * FACT * CHECK* TRUMP: “HILLARY CLINTON ALSO FOUGHT IT” MEANING OBAMA’S NATURAL BORN CITIZENSHIP.
184096565021911;1041562635941962;mostly true;Debate fact-check: Donald J. Trump said "I did not support the war in Iraq. I was against the war in Iraq." Grade: False. http://abcn.ws/2d5bxwm #Debates;https://scontent.xx.fbcdn.net/v/t1.0-9/s720x720/14516577_1041562635941962_6847845620266491504_n.jpg?oh=6b4a9ae8e9e0fd4c0666c0488c52b94e&oe=5A649249;./images/009_184096565021911_1041562635941962.jpg;|@NEWSI PiiEﬁiDEN'ﬂ'mLDEATE 'VUMH' UDI‘J‘S'WVOTE * FACT * CHECK* TRUMP: “I DID NOT SUPPORT THE WAR IN IRAQ. || WAS AGAINST THE WAR IN IRAQ.”|
184096565021911;1041564352608457;mostly true;As the first presidential debate was drawing to a close, Hillary Clinton took one last chance to hammer Donald J. Trump, attacking his past remarks about women. #Debates;https://external.xx.fbcdn.net/safe_image.php?d=AQDRIoJzZRZ_hayE&url=https%3A%2F%2Fs3.amazonaws.com%2Fprod-cust-photo-posts-jfaikqealaka%2F3316-dc1a78bea93b8c8b78a2746a8651e105.jpg&_nc_hash=AQCShRGMbcowHFfr;./images/010_184096565021911_1041564352608457.jpg;THIS IS A MAN WHO HAS CALLED WOMEN PIGS, SLOBS AND DOGS," CLINTON SAID FERVENTLY FROM THE DEBATE STAGE TONIGHT. "AND SOMEONE WHO HAS SAID PREGNANCY IS AN INCONVENIENCE TO EMPLOYERS, WHO HAS SAID WOMEN DON'T DESERVE EQUAL PAY UNLESS THEY D0 A8 GOOD A JOB AS MEN,
184096565021911;1041569205941305;mostly true;Debate fact-check: Hillary Clinton says Donald J. Trump advocated for the actions the United States took in Libya. Grade: Mostly true. http://abcn.ws/2cRptXA #Debates;https://scontent.xx.fbcdn.net/v/t1.0-9/s720x720/14390641_1041569205941305_6730616801249478901_n.jpg?oh=6191fc41deefb4a57e862752e33bfc95&oe=5A671860;./images/011_184096565021911_1041569205941305.jpg;@NEWSI PiiEﬁiDEN'ﬂ'mLDEATE 'VUMH' UDI‘J‘S'WVOTE   * FACT * CHECK* CLINTON: TRUMP ADVOCATED FOR THE ACTIONS WE TOOK IN LIBYA. MOSYLY IRUE
184096565021911;1041491152615777;mostly true;There have already been fireworks between Hillary Clinton and Donald J. Trump as the two candidates face off in the first presidential debate. Their best lines so far: http://abcn.ws/2d5dsiK #Debates;https://scontent.xx.fbcdn.net/v/t1.0-9/s720x720/14470487_1041489252615967_2767649267078640383_n.jpg?oh=6c0800d7bb562b5e933cd2b56ee58d00&oe=5A6B991C;./images/012_184096565021911_1041491152615777.jpg;m DONALD, I KNOW l‘YOU LIVE IN YOUR i ?OWN REALITY.
146422995398181;1451123788261422;no factual content;LIKE Addicting Info for more great content!;https://scontent.xx.fbcdn.net/v/t1.0-9/14433205_1451123788261422_7417386362002566678_n.jpg?oh=e6066a476199a7717237a38168a6a489&oe=5A66ED04;./images/013_146422995398181_1451123788261422.jpg;THEPRﬂBlEHI WITH 53 “r H ‘ PEﬂPLEISTHAT THEIR MllllTHS ARE ‘ i ..__.._,.A. m. Addicmglnfo m
146422995398181;1451127358261065;no factual content;Great question. LIKE Addicting Info for more great content!;https://scontent.xx.fbcdn.net/v/t1.0-9/14364767_1451127358261065_2307616430247668310_n.jpg?oh=d601d1290596d5aa52ae7d1e142f5d59&oe=5A64FA29;./images/014_146422995398181_1451127358261065.jpg;WHY IS THERE ALWAYS“-l
146422995398181;1451126608261140;no factual content;;https://scontent.xx.fbcdn.net/v/t1.0-9/14141893_1271114309577098_2697339324814960657_n.jpg?oh=48cdec341fda97e04be14d56528e9214&oe=5A6280E3;./images/015_146422995398181_1451126608261140.jpg;EVER NﬂTICE THAT REPUBLICANS ARE NEVER HAPPY UNLESS THEY AREﬂPPRESSINﬂ. SLANDERINE, BllllYlNﬂ, WllRRYlNﬂ HARRASINGY 0R TAKING FRllM 0THERS?M
146422995398181;1451202248253576;mostly true;;https://scontent.xx.fbcdn.net/v/t1.0-9/14368878_974534116007671_6710336673066765518_n.jpg?oh=55de360614800ca22918e74c9ffc1b28&oe=5A6B3FB6;./images/016_146422995398181_1451202248253576.jpg;. ,f “ f ’ . " WHY DO YOU THINK BARACK OBAMA ‘WA’SN’T IN THE.OVAL OFFICV QN 9/11?
219367258105115;1282958578412639;no factual content;Subscribe to #PartyPeople, a new CNN podcast hosted by Kevin Madden and MaryKatharine Ham, with iTunes, Stitcher or your favorite app. http://cnn.it/2d2tr0a;https://scontent.xx.fbcdn.net/v/t1.0-9/s720x720/14370354_1282958578412639_4539653076199027581_n.png?oh=79e6d3e1dc726afe918ba8567d34f155&oe=5AAC3E53;./images/017_219367258105115_1282958578412639.jpg;Kevin Madden and Mary Katharine Ham explore the future of the GOP in the era of Donald Trump.   partypeople a new podcast from politics
219367258105115;1285203954854768;mostly true;The town of Albertville, Alabama mirrors the US class divide on immigration: http://cnn.it/2cqB3wR;https://scontent.xx.fbcdn.net/v/t1.0-9/s720x720/14448944_1285203211521509_8853657578188210182_n.jpg?oh=e442d3bf9359f4e01d35e8b1bf974932&oe=5A6A3604;./images/018_219367258105115_1285203954854768.jpg;
219367258105115;1285438601497970;no factual content;Special guest Madeleine K. Albright joins CNN's Chris Cuomo for #PoliticsOnTap at 6:45 p.m. ET on Facebook Live. If you have questions you’d like to hear asked, leave them in the comments.;https://scontent.xx.fbcdn.net/v/t1.0-9/s720x720/14333176_1285438601497970_7589401043438177211_n.jpg?oh=073563baa16ca4ca14a79153633b2c97&oe=5A9FF08D;./images/019_219367258105115_1285438601497970.jpg;|. . Hosied by - Chris Cuomo pOI Itlcs @ wum specxa‘ guest Oﬂ ta p Madeleine Albright n- \ September 22 || 6:45 |
219367258105115;1290297081012122;no factual content;Watch Hillary Clinton and Donald J. Trump face off in the first presidential debate on the CNN.com livestream tonight at 9 p.m. ET. Here are 5 things to watch: http://cnn.it/2dkWqAZ;https://scontent.xx.fbcdn.net/v/t1.0-9/14494692_1290297081012122_6465336786794141703_n.jpg?oh=02f604cf0976005f33b7f15aaa73921e&oe=5A723E3C;./images/020_219367258105115_1290297081012122.jpg;HEAD Tl] HEAD FURTHEFIHSTTIME I TONIGHT
219367258105115;1290445077663989;no factual content;Watch Hillary Clinton and Donald J. Trump face off in the first presidential debate on the CNN.com livestream tonight at 9 p.m. ET. Here are 5 things to watch: http://cnn.it/2dkWqAZ;https://scontent.xx.fbcdn.net/v/t1.0-9/14484993_1290445077663989_8092460331820078366_n.jpg?oh=ea2a15bde84bf6274d1285796451f68d&oe=5A6260EE;./images/021_219367258105115_1290445077663989.jpg;HEAD Tl] HEAD FURTHEFIHSTTIME I TONIGHT
219367258105115;1290490284326135;no factual content;The first presidential debate begins now. Watch Hillary Clinton and Donald J. Trump face off on the CNN.com livestream.;https://scontent.xx.fbcdn.net/v/t1.0-9/14495373_1290490284326135_4211764750011544754_n.jpg?oh=c13766a11afbd44d99098465c28bd460&oe=5AA25BF8;./images/022_219367258105115_1290490284326135.jpg;HEAD Tl] HEAD FURTHEFIHSTTIME I TONIGHT
219367258105115;1290743144300849;mostly true;;https://scontent.xx.fbcdn.net/v/t1.0-9/s720x720/14485099_1290743144300849_9013652586877016125_n.jpg?oh=db7fdd1844baa706c181bf5f1150d39d&oe=5AA84853;./images/023_219367258105115_1290743144300849.jpg;EDIBPHESIDENIIMUEBATE “politics Fact check Trump says Ford 15 "leaving" the False US and cutting thousands of jobs while moving production . plants to Mexico. #BNNREAUTVDHEDK
219367258105115;1290746004300563;mostly true;CNN's Reality Check Team vets the candidates claims from the first presidential debate. http://cnn.it/2dnAgho;https://scontent.xx.fbcdn.net/v/t1.0-9/s720x720/14485099_1290743144300849_9013652586877016125_n.jpg?oh=db7fdd1844baa706c181bf5f1150d39d&oe=5AA84853;./images/024_219367258105115_1290746004300563.jpg;EDIBPHESIDENIIMUEBATE “politics Fact check Trump says Ford 15 "leaving" the False US and cutting thousands of jobs while moving production . plants to Mexico. #BNNREAUTVDHEDK
135665053303678;551096688427177;no factual content;www.EagleRising.com;https://scontent.xx.fbcdn.net/v/t1.0-9/14344700_551096688427177_929549866941448798_n.png?oh=788b5bfa890cfdb6ba30075b21979ac1&oe=5A9DD051;./images/025_135665053303678_551096688427177.jpg;Mtnﬁagmnung     mum IHEMPGMHIS
135665053303678;551096721760507;no factual content;www.EagleRising.com;https://scontent.xx.fbcdn.net/v/t1.0-9/s720x720/14355590_551096721760507_2335505586161114125_n.jpg?oh=5b341a397b75e82deb6017a426a9e3ab&oe=5AACAEA3;./images/026_135665053303678_551096721760507.jpg;
135665053303678;551473158389530;no factual content;Eagle Rising;https://scontent.xx.fbcdn.net/v/t1.0-9/14317492_551473158389530_6937117442997030355_n.jpg?oh=22e651581bbcec42ef37753aadd16350&oe=5AA0CA5E;./images/027_135665053303678_551473158389530.jpg;|IF Vﬂll'lll MAKING EHEMIES WITH TH! TERRYIBISI unuur 0||!“ WllllE llll 'I'IIE EMMPIIGH 'I’IIAIL { ,.. H y , X1 \4 , 1A ! ‘ V k: " 5‘4 v gnmomnmmnr ‘1|
135665053303678;551473235056189;mostly false;www.EagleRising.com;https://scontent.xx.fbcdn.net/v/t1.0-9/p720x720/14329940_551473235056189_4431863296091363047_n.jpg?oh=f1aa7c17c1b6d5d58582c9b7e1abe025&oe=5A655002;./images/028_135665053303678_551473235056189.jpg;MUSLIM COUNTRIES HAVE DONATED OVER $250 MILLION TO MY CAMPAIGN . .l’    DO YOU REALLY THINK I’M GOING TO BLAME RADICAL ISLAM?
135665053303678;551473311722848;no factual content;Eagle Rising;https://scontent.xx.fbcdn.net/v/t1.0-9/14344848_551473311722848_7687282526946841772_n.jpg?oh=63cd0373fe77fac4f0aaaefeb1376f01&oe=5A66AE90;./images/029_135665053303678_551473311722848.jpg;IT WAS I PIIESSIIIIE BIIIIKEB W'I'Il TIMEBS Mill GEIIWEIIIIJIES WIIIEII 'I'll I'I'   wag x a BIIT no wson Jo nun \ tinnonlﬂnﬁms mm m MW
135665053303678;551519151718264;no factual content;www.EagleRising.com;https://scontent.xx.fbcdn.net/v/t1.0-9/14359120_551519151718264_4057589818709982328_n.jpg?oh=5ba2221fbfac8ffad71f081866a0c858&oe=5A6433DA;./images/030_135665053303678_551519151718264.jpg;mmey wt of \ THiS Fuzket and put it‘s called a it mm 6 “:harifahle one. ' ‘ ‘ mationf’ K/ ‘ \,
135665053303678;551519225051590;no factual content;www.EagleRising.com;https://scontent.xx.fbcdn.net/v/t1.0-9/14369867_551519225051590_2603169106122827245_n.jpg?oh=8857e93680bcdc1f56c4f0fa6967c6e3&oe=5AA4E445;./images/031_135665053303678_551519225051590.jpg;|ll' II‘EI'EIIIS III "III Yllllilli IIEFIII'IIIII / III III! Illlllll "SIGI' Iﬂl ,-   ) Ilium mnnmlex" M BIIISIIE ISJIIII“SII:||("|
135665053303678;551519291718250;mixture of true and false;www.EagleRising.com;https://scontent.xx.fbcdn.net/v/t1.0-9/s720x720/14317572_551519291718250_7134466772151124505_n.jpg?oh=0cd43d6f85b36eb1abfeaf6515046f5c&oe=5AAC782C;./images/032_135665053303678_551519291718250.jpg;U" I. . The Crown Prince of Bahrain was Forced to Go Through Foundation to See Clinton, after Pledging $32 3 Million to Clinton Global Initiative . . 7+: '* g . .I WMWW
135665053303678;551475151722664;no factual content;Eagle Rising;https://scontent.xx.fbcdn.net/v/t1.0-9/s720x720/14364779_551475151722664_2187289897423789656_n.jpg?oh=2f3af5f344f6ee9fed3f187c9bcf8530&oe=5A731B97;./images/033_135665053303678_551475151722664.jpg;1‘ Hillary Clinton has zero record to run on—unless you call corruption a positive—so all she has is the 'racist' card. Pathetic. — @IngrahamAng/e'
135665053303678;551475315055981;no factual content;www.EagleRising.com;https://scontent.xx.fbcdn.net/v/t1.0-9/14391018_551475315055981_5604307394323743997_n.jpg?oh=50fb5cdbc561600cd1c40326938c9bc9&oe=5A6AD329;./images/034_135665053303678_551475315055981.jpg;THAT WILL COST ‘IOLI 515 MILLION ‘ LET'S SEE, WE WANT TO COVER UV OUR INVOLVEMENT IN 9” WE NEED MILITAR‘I WEAPONS’ WE WANT TO KILL GA‘IX STONE WOMEN KEEP , ANV CASTRA1'E                         suave so yum... now sié op W“ A DONATKDN m TO YOUR cumon pounmnon 5 W WOHLV THAT TAKE 12? 5M5“ 61M,,,    2 a . W vi/OMENS mews
135665053303678;551830561687123;no factual content;www.EagleRising.com;https://scontent.xx.fbcdn.net/v/t1.0-9/14333656_551830561687123_4626075553490944667_n.jpg?oh=4d1e9224d2e8d159e97cfb08c058d16a&oe=5A65B174;./images/035_135665053303678_551830561687123.jpg;IIIIW I 0A" IISE 'I'IIE GIIIIS’ » BATIIIIQIIM, [I’lllEIIS'I'ﬂIIIIEI mmmmmm
135665053303678;551830681687111;no factual content;www.EagleRising.com;https://scontent.xx.fbcdn.net/v/t1.0-9/14333595_551830681687111_3075588462841103810_n.jpg?oh=eb05018c02093c6d10a1a80e7e691de6&oe=5A9D0FC6;./images/036_135665053303678_551830681687111.jpg;Reminder: Reagan got shot in the chest. With a collapsed lung and a bullet an inch from his head he still needed less help than Hillary to get into a car. ”773/ ]
135665053303678;551844801685699;no factual content;Eagle Rising;https://scontent.xx.fbcdn.net/v/t1.0-9/s720x720/14370424_551844801685699_1928851394956278104_n.jpg?oh=033ed7baf4016fd2780315685df4bb48&oe=5A61DD25;./images/037_135665053303678_551844801685699.jpg;ISlAMIII’IIIIBIA A WOIIII BREATH) BY FASBIS'I'S IISEII BY BBWAIIIIS 'I'II MANIPIIIATE MﬂﬂllNS.
135665053303678;551844865019026;no factual content;Eagle Rising;https://scontent.xx.fbcdn.net/v/t1.0-9/14322622_551844865019026_4707542812216190832_n.jpg?oh=fd0cfb0c0588e3d7988b9e5d0016897c&oe=5A9C1F49;./images/038_135665053303678_551844865019026.jpg;HlLLARY’S CAMPAlGN SLOGAN TAKES an a. new MEANING“. DDUDDDDDDDDD IIIII
135665053303678;551844931685686;no factual content;Eagle Rising;https://scontent.xx.fbcdn.net/v/t1.0-9/14440610_551844931685686_5079670941144636734_n.jpg?oh=dfcbc28b18d0b9abf3d84767e9ed2dd9&oe=5AA8913A;./images/039_135665053303678_551844931685686.jpg;"THIS ISEAL VAST IIIEIIT- WINE BOEPIIIAGY" f ‘ “é “‘ 'I'IIEY'IIE MAKIILG ME [00K . STUPID INEP'I', BANGEBIIIJS, .connun AMI] INBBMPE'I'ENI nnnnnnnnnn
135665053303678;551848795018633;no factual content;Eagle Rising;https://scontent.xx.fbcdn.net/v/t1.0-9/14433147_551848795018633_4275664318994832968_n.jpg?oh=6f72e51489790a755cbe621b248a0416&oe=5A9E9481;./images/040_135665053303678_551848795018633.jpg;uberaL [230101.com Pﬁllaryclaimsn “i” r1 “Tm M Trump' IS amc’isti ‘ ..but then she also claims her personal hero' IS a whitél I supremist who . attempted to exterminate Blacks fmm America' WI IEEFII' ‘ ’              Funny how that works. erm-unu'mm WIUMMIOIM mmmmiwwmmhmpI—n-m)
135665053303678;551848841685295;no factual content;www.EagleRising.com;https://scontent.xx.fbcdn.net/v/t1.0-9/14344825_551848841685295_5321439367180057681_n.jpg?oh=087de0aab08c81154abf06e51684328d&oe=5A64360C;./images/041_135665053303678_551848841685295.jpg;HILLARY CLINTON FELT 'OVERHEATED' AND WITHIN MINUTES A RESCUE TEAM OF 16+ PEOPLE EXTRACTED HER TO ASAFE LOCATION   T00 BAD CHRIS STEVENS, SEAN SMITH, GLEN DOHERTV, AND TVRONE WOODS COULDN'T GET THAT KIND OF RESPONSE FROM HILLARV ﬂilchﬂelBEﬁEM
135665053303678;552196854983827;no factual content;www.EagleRising.com;https://scontent.xx.fbcdn.net/v/t1.0-9/s720x720/14441154_552196854983827_60969595747240513_n.jpg?oh=8f3ef5ca35e83d26e574c905f32af6b6&oe=5AAB374C;./images/042_135665053303678_552196854983827.jpg;MY NEW "Em" ennimm        [Y , . ‘ JMUI‘I UbL/ Ul‘l/VEHJW ’IU’H/ \ r U” W, SW numlll menu“ IIAV
135665053303678;552196998317146;no factual content;www.EagleRising.com;https://scontent.xx.fbcdn.net/v/t1.0-0/p180x540/14440640_552196998317146_8619941640679159907_n.jpg?oh=8a03676405e885c093fdb31bb8b44462&oe=5A9DE2D6;./images/043_135665053303678_552196998317146.jpg;Planned Paremhood (PP) Planned p Parenthood ?I'lurdemd ia‘fo children Murdered 333,964 chila'en ‘ ‘ Gas! cyear.‘ last year. -E\:Iil (hmmmmswsmmmmmmjammuh AmeticaisBﬁmaasilermbeMdasaMitedild.) httpzl/LiberalLogic101 .com    (121227 ofﬂine mate Black dild'm)
135665053303678;552197108317135;no factual content;www.EagleRising.com;https://scontent.xx.fbcdn.net/v/t1.0-9/p720x720/14370424_552197108317135_7529101919556730510_n.jpg?oh=fd22bae3560d2380de58067bc91d2223&oe=5A73262C;./images/044_135665053303678_552197108317135.jpg;\‘K ,/ llBEIIAlS ANGIIIEII A'l' Ammlcnns BUNGEIIIIEII ABIIII'I' MllSllM TERRORISM
135665053303678;552241984979314;no factual content;Eagle Rising;https://scontent.xx.fbcdn.net/v/t1.0-9/14344844_552241984979314_482885750144392263_n.jpg?oh=43eb623ec8c8036f0ba30745efa28de1&oe=5A69A15A;./images/045_135665053303678_552241984979314.jpg;Take a good look B.L.M.      _ This is what White ,' Privilege ,7/ looks like
135665053303678;552242051645974;no factual content;Eagle Rising;https://scontent.xx.fbcdn.net/v/t1.0-9/14390639_552242051645974_1503398985945739028_n.jpg?oh=9f067c56c70bff29bdfcf406c03b73df&oe=5AA4FAE8;./images/046_135665053303678_552242051645974.jpg;WIcKEn mmm-
135665053303678;552242144979298;no factual content;Eagle Rising;https://scontent.xx.fbcdn.net/v/t1.0-9/14441066_552242144979298_8501675698085039742_n.jpg?oh=f50e0195d2d6f1c42e5eab739f016169&oe=5AA34600;./images/047_135665053303678_552242144979298.jpg;||| STAND AGAINST HILLARY CLINTIIN Sheminks mlesdo notapply m he! She tlaims m (are about equal pay, but in herSenate ofﬁte, she paid men more than women She pushed fa‘se infurma‘ion aboul ﬁle Eenghazi anatks Her foundation a((epled (meign donations whi‘e Secremy of Sme|
135665053303678;552242264979286;no factual content;Eagle Rising;https://scontent.xx.fbcdn.net/v/t1.0-9/14449806_552242264979286_5213480387007512345_n.jpg?oh=b5a5e26e73db8d688f64d6c496b2f403&oe=5A9D1514;./images/048_135665053303678_552242264979286.jpg;,o 3 me law is more GOHVBIIIBIII. § n4.
135665053303678;552242318312614;no factual content;Eagle Rising;https://scontent.xx.fbcdn.net/v/t1.0-9/14330075_552242318312614_2120809908183730232_n.jpg?oh=9c8204d39cd1bbfca10cee81c8c98cce&oe=5A7306BB;./images/049_135665053303678_552242318312614.jpg;********* LIES *********
135665053303678;552242831645896;mixture of true and false;www.EagleRising.com;https://scontent.xx.fbcdn.net/v/t1.0-9/14368804_552242831645896_3499722658907178862_n.jpg?oh=473d2dfb887035550d6e490f372c8e0f&oe=5A6C4DC9;./images/050_135665053303678_552242831645896.jpg;'33, IiEsESExunlnssnlm mil mcnmsnlsnunii
135665053303678;552571564946356;no factual content;www.EagleRising.com;https://scontent.xx.fbcdn.net/v/t1.0-9/14354988_552571564946356_5984927234327109355_n.jpg?oh=a77c01cbfd5a56b95abccac0452f678e&oe=5AACCA53;./images/051_135665053303678_552571564946356.jpg;: 'o 7 ' , IIFUEIBIIIIFISII "view . » _ 1‘
135665053303678;552571698279676;mostly false;www.EagleRising.com;https://scontent.xx.fbcdn.net/v/t1.0-9/14364915_552571698279676_4132615474872513983_n.jpg?oh=10e7b24693dfbbb739e79dba34790b55&oe=5AA44364;./images/052_135665053303678_552571698279676.jpg;
135665053303678;552599614943551;mostly true;Eagle Rising;https://scontent.xx.fbcdn.net/v/t31.0-8/s720x720/14445036_552599614943551_7657730308842166338_o.jpg?oh=b5e22b86d9bf8e7040a389323e04efb4&oe=5AA835BC;./images/053_135665053303678_552599614943551.jpg;“It‘s time for the voiceless majority to stand up and be heard It's time to change the narrative because I can tell you from the facts that the story's a little bit different as to how it's been portrayed so far, especiallythrough social media.” — L‘hiel Kerr Putney '
135665053303678;552599694943543;mixture of true and false;Eagle Rising;https://scontent.xx.fbcdn.net/v/t1.0-9/14358811_552599694943543_5631653543385788332_n.jpg?oh=3c7f121935c1f044c7e6771f5f7437f3&oe=5A6CABDC;./images/054_135665053303678_552599694943543.jpg;WE Slllllllllll’llﬂl‘lll Alltl'illll OWNERS. IT'S FOB'TIIE SAFETY llFl'llE AMEﬁIﬂAI PEﬂPlE WE Sllﬂlllll lllll' Pﬂﬂl‘llE MUSLIMS. IT IS llllﬂllllS'l'l'l'll'l'lﬂllAl
135665053303678;552599881610191;no factual content;Eagle Rising;https://scontent.xx.fbcdn.net/v/t1.0-9/14358707_552599881610191_3853098097137486251_n.jpg?oh=8548fe19397d30f0420293fb20717657&oe=5A676329;./images/055_135665053303678_552599881610191.jpg;“mm mm m polilman Say now (My plan (0 lake guns irnm z   naIs, just law abi ing Citizens.
135665053303678;552600701610109;no factual content;Eagle Rising;https://scontent.xx.fbcdn.net/v/t1.0-9/14448768_552600701610109_1960045395373710587_n.jpg?oh=24cd95fb2edcbf8b42eeefd5dd590d2b&oe=5AA5E2BA;./images/056_135665053303678_552600701610109.jpg;M\\~\2\\aﬁ‘vﬁ-‘~%"r"n‘éiﬂ'éﬁﬂ H a a 53 “‘ ‘ H . Q? l { WE'll II“! THE IIIIMBEIIS 'I'll TAKE YIIIIII EIIIIS AWAY MIII GIVE IllEIiIlS v' ﬂl'l'llEllSllll' Mlll VII'I'IIIII BIEII'I'S mmmmmm
135665053303678;552600831610096;mostly true;Eagle Rising;https://scontent.xx.fbcdn.net/v/t1.0-9/14359273_552600831610096_9193664844739474774_n.jpg?oh=f3174a6624958ba6193d89b3022dd554&oe=5A733BB4;./images/057_135665053303678_552600831610096.jpg;And don’t tell us we’re heartless because we believe in the rule of law, . which is the foundatian upon which our country / fa   was founded.
135665053303678;552973724906140;mostly true;Eagle Rising;https://scontent.xx.fbcdn.net/v/t1.0-9/14370201_552973724906140_3960915579820621195_n.jpg?oh=20e5060cf54c01f87611e7dca3fccba4&oe=5AAA2C98;./images/058_135665053303678_552973724906140.jpg;STEPHEN MILLER: CLINTON A CORRUPT ‘EBUNUMIC GLOBALIST’ WHO ENRICHES HEHSELF BY ‘SELLINB OUT AMERICA’ 7 ,‘
135665053303678;553002894903223;no factual content;www.EagleRising.com;https://scontent.xx.fbcdn.net/v/t1.0-9/14368634_553002894903223_3983187675747502730_n.jpg?oh=d5a74d5461f70361a0bc19335d12716b&oe=5A67FDCE;./images/059_135665053303678_553002894903223.jpg;HELP VOW "Elm AND TIRE CARE OF “E POOR AND IELPLESS. El" JESUS. MNTWE JUST GIVE OUR MOIEV TO THE WM AND LET THEM DO IT FOR US? OKAY, I’M JUST GOING TO START OVER FROM TIE BEGINNING AND YOU CAN LET ME KW WHERE I LOST V00.
135665053303678;553002968236549;no factual content;www.EagleRising.com;https://scontent.xx.fbcdn.net/v/t1.0-9/14448989_553002968236549_7107406657186181846_n.png?oh=a18069561a3e1a1b4604fae62f01784a&oe=5A719F6E;./images/060_135665053303678_553002968236549.jpg;"momma," vou KEEP usmn Tun mom: I DON'T THINK IT MEANS WHAT Yﬂll THINK IT MEANS When I read that Charlotte "protesters“ looted Walmart
135665053303678;553589488177897;mostly false;www.EagleRising.com;https://scontent.xx.fbcdn.net/v/t1.0-9/14469732_553589488177897_6176473881128092835_n.jpg?oh=f0212169a3f16fb748f4e7ae62a52c75&oe=5A6E9252;./images/061_135665053303678_553589488177897.jpg;"She will uy anything “ and mango naming. llhry mm wand 'and isn'tqualiﬁed
135665053303678;553589888177857;no factual content;www.EagleRising.com;https://scontent.xx.fbcdn.net/v/t1.0-9/14448895_553589888177857_7316655455983620492_n.jpg?oh=b98150f040f4d7e0ed204556e6f8ace1&oe=5A6D7FB6;./images/062_135665053303678_553589888177857.jpg;
135665053303678;553590751511104;no factual content;www.EagleRising.com;https://scontent.xx.fbcdn.net/v/t1.0-9/14369959_553590751511104_308899428352096476_n.jpg?oh=611682d0aef655a35e97ed004514f908&oe=5AA93C95;./images/063_135665053303678_553590751511104.jpg;[EARN HOWITUJIIANIJlE A GUN AMI] YOU CAN MAKE’AHY SPACE SAFE
135665053303678;553734261496753;no factual content;Eagle Rising;https://scontent.xx.fbcdn.net/v/t1.0-9/14446023_553734261496753_8690051826584488359_n.png?oh=6657cb6f64e84dfbbbf9ace8e9b0319b&oe=5A72CB3C;./images/064_135665053303678_553734261496753.jpg;This liberal moron is the mayor of and the reason there's no leadership there. Another Democrat!
135665053303678;554123321457847;no factual content;www.EagleRising.com;https://scontent.xx.fbcdn.net/v/t1.0-9/14484637_554123321457847_550218260936636535_n.jpg?oh=3f08a302d6daf0f8e291b868e980960d&oe=5A66ED4D;./images/065_135665053303678_554123321457847.jpg;
135665053303678;554124058124440;no factual content;;https://scontent.xx.fbcdn.net/v/t1.0-9/13612190_880787938693671_837706309881480794_n.jpg?oh=7f0be63e78939e2aa22b79b8fc219ec7&oe=5A70B524;./images/066_135665053303678_554124058124440.jpg;We have four boxes with which to defend our freedom. . . ...the suap box, ...the hallo! box) ...thejmy box, ...and the cartrzdge box,
135665053303678;554127778124068;no factual content;#NoObamaThirdTerm #NeverHillary;https://scontent.xx.fbcdn.net/v/t1.0-9/14484778_554127778124068_1547463760161033078_n.jpg?oh=ac131a329b5be6084bf06a0d0c3eb6fd&oe=5AAA123A;./images/067_135665053303678_554127778124068.jpg;$0 Hlll, SI] [5000*- .. ,o . o     IMI Fllllllllilﬂll'llﬂ cumulus IMEIIIGA Im A emm: nlsnisnigm WWII“! Illll FBIWGIIIIIITIIY! Q
135665053303678;554510084752504;no factual content;Eagle Rising;https://scontent.xx.fbcdn.net/v/t1.0-9/14484959_554510084752504_8402657168652285504_n.jpg?oh=4d90bae22a9748565f5b02b558314cd7&oe=5A9E5AB8;./images/068_135665053303678_554510084752504.jpg;igol : omopimbe :«lslamophobe
135665053303678;554510241419155;no factual content;Eagle Rising;https://scontent.xx.fbcdn.net/v/t1.0-9/14519841_554510241419155_7417315824650869384_n.jpg?oh=4b69bf7ed28cf13b53d05f4a7cb03a01&oe=5AA48337;./images/069_135665053303678_554510241419155.jpg;:- - l .. anc ..... , mmm
135665053303678;554510431419136;no factual content;Political Cartoons by cartoonist A.F.Branco;https://scontent.xx.fbcdn.net/v/t1.0-9/14440847_554510431419136_7209007087063958552_n.jpg?oh=1a9b442486751060afd9d2ff462c67c3&oe=5AABE9D4;./images/070_135665053303678_554510431419136.jpg;M CLVNT I nfmkmm\   me wrmma‘gnn m 
346937065399354;1245155205577531;mostly true;Thank heaven for Bernie Sanders. Thanks to American News X.;https://scontent.xx.fbcdn.net/v/t1.0-9/s720x720/14364801_1245155205577531_8982712703644375553_n.jpg?oh=c80723fd006ebc689fdac8f5329957b5&oe=5A696518;./images/071_346937065399354_1245155205577531.jpg;THIS IS NO? VHF ME FOR A PROFEST VOTE THIS IS TIME TO ELECT HlllARY CLINTUN "This is not the time for :1 mm: vuta, in terms of a presidential tumpaign. I ran as u third-puny candidate. I'm the longest-serving independant in the histwy oi the United States (ongms. I know more ubwut third-pmty pritits thn‘n wnynm else in the Congress, okay? And if peoplc want to run as third- pnrty tandidntes, God bless them! Run for Cungress. Inn for gtmrnor. Run fun mm I'gisJuture. When m're talking atbaut president of the United Status, in my own parsonul view, thix ix mttime for a protest vow This is time to elect Hillary Clinton and then work «her the elation to mohiliz: miI‘Ii-nns of tmple to make sure she run he the mnit progresxive president sh: um he."          Smhr Bernie Sanders Addressing n " V, Mei Nnmph'n hilly, Slptemhu 5, um ,i AMERICANQNEWSX
346937065399354;1245652818861103;mostly true;Truth. Read more here: http://bloom.bg/2d2Mash Image by Occupy Democrats, LIKE our page for more!;https://scontent.xx.fbcdn.net/v/t1.0-9/14333207_1245652818861103_7226913131765339217_n.png?oh=23b5680163db4fc3491d54f8e4854873&oe=5A6A1C99;./images/072_346937065399354_1245652818861103.jpg;NOBEL PRIZE WINNING ECONOMIST JOSEPH STIGLITZ GIVES TRUMP AN “F” 0N ECONOMICS: “THE U.S. ECONOMY WOULD BE A BIG LOSER IF DONALD TRUMP WINS THE PRESIDENTIAL ELECTION. THE END RESULT WOULD BE A TRADE WAR, A CORRECTION IN U.S. LIVING STANDARDS AND A NET LOSS OF 7 A     AMERICAN JOBS.” OCCUPV DEMOCRATS
346937065399354;1245683785524673;no factual content;Food for thought. Special thanks to Chris Silber Image by Occupy Democrats, LIKE our page for more!;https://scontent.xx.fbcdn.net/v/t1.0-9/14364719_1245683785524673_5380709245545958078_n.png?oh=637d472283d6767b1dcffcc867c8d2cc&oe=5A71A0D3;./images/073_346937065399354_1245683785524673.jpg;“LET ME GET THIS STRAIEHT, AMERICA. Yﬂll TERRURIZE AND ENSLAVE Ml ENTIRE RACE FUR 300 YEARS. BAN THEM FRﬂM YﬂllR PRIVILEGES FUR THE NEXT Illll YEARS. FILL TWﬂ THIRDS 0F YﬂllR PRISﬂN BELLS WITH THEM llllTIl. TﬂDAY. AND "WE ANGRY WHEN THEY DON'T APPLAUI] YﬂUR HISTORY?" - cums sum   DEMOCRATS
346937065399354;1245696502190068;no factual content;What a jerk. Image by Occupy Democrats, LIKE our page for more!;https://scontent.xx.fbcdn.net/v/t1.0-9/14344942_1245696502190068_4380862537411066546_n.jpg?oh=413d63463170bc0daf61afcc31da0495&oe=5A6290E7;./images/074_346937065399354_1245696502190068.jpg;|A NEW 'I'EIIIIQI! AITABK?    . A Lﬁtﬁﬁéyl‘l 1 I KNEW TIIIS‘WIIIIlII HAPPEN. SEE IIIIW BIGIIT I WIS? 'I'III'.)I IS IN MMIIIIE IIIY NIB ME. PllﬂSE GIVE ME 0||!!an MIII MAKE IT All IBIIIIT ME IHSTEIII III THE VICTIMS! , ‘ “ jDEMOCRATS|
346937065399354;1245894178836967;mixture of true and false;This says it all! Image by Occupy Democrats, LIKE our page for more!;https://scontent.xx.fbcdn.net/v/t1.0-9/14316811_1245894178836967_2399635688222481231_n.png?oh=5ed5f47c57fd7b69116c89a6aba7ad11&oe=5A724D9D;./images/075_346937065399354_1245894178836967.jpg;SIIE'S NEVER BEEN ABIIESTEII. SIIE'S IIEIIEII BEEN BHIIIEEII WITH A GHIME. SIIE'S BEEN SGBII'I’IIIIIEII Fun 24 VEMIS. SIIE WAS A MWVIII, A FIBS‘I III", I swam, Mlll Tlllll SIERRA!“ 0f SUITE. WEB 5100 Mllllﬂll III TAIPAVEB ‘ . v FllllllS IIIWE BEIII WISIEI] IJII "ﬁr "IIIIESI'IEITIIJIIS" THAT V Fﬂllllll HIITIIIHE. YET SDMEIIIIW BEI‘IIBlIIlAHS   HAVE Gllﬂlmlcill Yllll TIIIT SIIE'S "NII'I' TIII_I_STWIIII'I'IIY." lilliH'l'. occupy DEMOERAYS "‘2
346937065399354;1245781955514856;mostly true;See the difference? Image by Occupy Democrats, LIKE our page for more!;https://scontent.xx.fbcdn.net/v/t1.0-9/14433216_1245781955514856_8860842907966179681_n.png?oh=b17c1dfd5600ceb7434c3d7a75ed9029&oe=5A6BC8EB;./images/076_346937065399354_1245781955514856.jpg;IIIllAIW'S \ mumrs ACBGMPIISHMENTS nceoMrusmms -Firsl ever student commencement speaker at Wellesley College - Distinguished graduate of Yale law - Direclor of Arkansas legal Aid Clinic - law professor a! U. of Arkansas - Former Firsl lady of the U5. - Elected twice to the US. Senate - U.S. Secretary of Siaie ﬂ DEMOCRATS
346937065399354;1245902942169424;mostly true;The difference between Democrats and Republicans, in a nutshell.;https://scontent.xx.fbcdn.net/v/t1.0-9/14390946_1245902942169424_6406512713014658968_n.jpg?oh=5d76bcc32d475f86cfbac4d99a35f6f1&oe=5AA37CC1;./images/077_346937065399354_1245902942169424.jpg;Pres. Obama just announced that after his presidency, he will focus on combating climate change. After he left office, Pres. Clinton founded his own philantrhopic organization that has helped               Here Is Pres. Carter, age 91, still building homes for the homeless after beating brain cancer. {DEMOCRATS
346937065399354;1245904742169244;no factual content;YES!;https://scontent.xx.fbcdn.net/v/t1.0-9/14322320_1245904742169244_3080753052001873871_n.png?oh=3c80c3efdb9dd6e5b98a439ed65f4af4&oe=5A6706B9;./images/078_346937065399354_1245904742169244.jpg;'Like' if you want Republicans to pay taxpayers back for every single penny they wasted on the " Qenghazi committee I I ‘
346937065399354;1245912415501810;mostly true;Who is trustworthy, Hillary or Trump? It's obvious.;https://scontent.xx.fbcdn.net/v/t1.0-9/p720x720/14322356_1245912415501810_1356045226104075981_n.png?oh=93055d49a315dbbcc33ef8a475b1dde0&oe=5A71F880;./images/079_346937065399354_1245912415501810.jpg;Hillary Clinton ll of yoalS of bx mums nlﬂasnd 38 II 0' emails rahamd 50,000+ U of llmol Rmaalnd snpmmacists 0 Fuundah'oll donors public Yes BM (0 lomign banks 50 Finod by 1H5 l0! illegal donation No violated immigration laws Nn u 0! banknlplclss o apan lnvusﬁgations Nuns Fined for racial discrimination No Donald Trump 0 0 75+ since 6/2015 Na $550 million Yes Yes 6 Federal Court (Trump Unwersily) Mumple umes
346937065399354;1246148605478191;no factual content;;https://scontent.xx.fbcdn.net/v/t1.0-9/14344070_1455524164458557_1458798299602836241_n.jpg?oh=a2badf15870dfd4d8bf20b15fab6c4f2&oe=5A6B7C1C;./images/080_346937065399354_1246148605478191.jpg;|DOWIFPIFUSE 5||in“ FOB llll        9": x 3 ~ .894: . ‘ ~ _ J 1' . h ‘ 5-. : 5a: ‘- ‘ . . WITH FIGHTING H] V (’1|
346937065399354;1246535718772813;no factual content;LOL! This is the best response yet to Donald Trump Jr. comparing Syrian refugees to poisonous Skittles in a bowl.;https://scontent.xx.fbcdn.net/v/t1.0-9/14333574_1246535718772813_1363382664067989502_n.jpg?oh=2a180ac4bcd96b1b7a6eceba4bda8cd2&oe=5AA1DF8F;./images/081_346937065399354_1246535718772813.jpg;
346937065399354;1246603892099329;no factual content;Exactly. Special thanks to The Reprimand Project Image by Occupy Democrats, LIKE our page for more!;https://scontent.xx.fbcdn.net/v/t1.0-9/14344307_1246603892099329_3393616989168528687_n.png?oh=1c1142f6807b9599d16b4759a71a9875&oe=5A6F328B;./images/082_346937065399354_1246603892099329.jpg;Donald Trump isn't an embarrassment to our country, he’s an indictment of it. The fact that he is the Republican candidate for the highestjob in the land — with absolutely zero experience and flaunting a ticket of unbridled bigotry, xenophobia, and misogyny — clearly shows everything that is wrong with the U.S.A. 7 The Reprimand Project   OCCUPV DEMOCRATS
346937065399354;1246643122095406;mostly true;This one perfectly sums up America's hypocritical and glaring double standard. Read more here: http://bit.ly/2d5Nmv4 Image by Occupy Democrats.;https://scontent.xx.fbcdn.net/v/t1.0-9/14390727_1246643122095406_8624809232267031630_n.png?oh=9e9cb0c171b1ae23aa26c2ea767a921c&oe=5A6C324C;./images/083_346937065399354_1246643122095406.jpg;“F 3'! R63 “u mu A ms... mmnm , _ i, 3'. c   / mTFr/r 7‘ W [.1/ TAKE A BIIllE'I'... I‘Elll‘lE IIIIIE'I' OCCUPV DEMOCRATS
346937065399354;1246648265428225;mostly true;LOL!  Read more here: http://bit.ly/2d5OgYB Image by Occupy Democrats, LIKE our page for more!;https://scontent.xx.fbcdn.net/v/t1.0-9/14368915_1246648265428225_688857739661145748_n.png?oh=5b3c5e0a5e402d35400bcc97dfdce372&oe=5AA20540;./images/084_346937065399354_1246648265428225.jpg;"TRUMP WAS STILL SAYING OBAMA'S BIRTH CERTIFICATE WAS FAKE LAST YEAR. I'M NOT SURE THE GUY WHO HOLDS FAKE PRESS CONFERENCES, HAS A FAKE UNIVERSITY, A FAKE y FOUNDATION, FAKE HAIR ,j AND A FAKE TAN SHOULD a 9 BE IN CHARGE OF DEGIDING 3‘ WHAT' 3 REAL " -SETH MEYERS OCCUPV DEMOCRATS
346937065399354;1246725472087171;mostly true;U2's Bono couldn't be more right. Image by Occupy Democrats, LIKE our page for more!;https://scontent.xx.fbcdn.net/v/t1.0-9/14390756_1246725472087171_5529116680526543002_n.png?oh=1046b598a3e94ac804afe25855963b9d&oe=5AA5522C;./images/085_346937065399354_1246725472087171.jpg;HE'S HIJACKEI THE REPUBLICAN PARTY. HE'S TRYING TO HIJACK THE IIEA OF AMERICA, ﬁat 0F JUSTICE ANI " EQUALITY FOR ALL. \ J .. 4% x mm «' 32% DEMOCRATS
346937065399354;1246757028750682;mostly true;Trump is nowhere near as successful has he claims. He's a fraud, and his tax returns would prove it. Image by Occupy Democrats, LIKE our page for more!;https://scontent.xx.fbcdn.net/v/t1.0-9/14359045_1246757028750682_1278925656098878610_n.png?oh=876d0d12dfef2f2db2b9686dcd660751&oe=5AAA20C9;./images/086_346937065399354_1246757028750682.jpg;“IF ELECTED, DONALD TRUMP WOULD BE THE SCAMMER-IN-CHIEF. TRUMP IS A FRAUD. HE WAS BORN WITH AN INHERITANCE BUT LOST HIS DADDY’S WEALTH... THAT’S WHY DONALD TRUMP WON’T RELEASE HIS TAX RETURNS. - HARRV REID OCCUPV DEMOCRATS
346937065399354;1246793508747034;mostly true;Trump and his supporters need a lesson in American history. Image by Occupy Democrats, LIKE our page for more!;https://scontent.xx.fbcdn.net/v/t1.0-9/14354935_1246793508747034_268173567247057451_n.png?oh=3d457411f5da480a3b99f53b1b8d88bc&oe=5A67AAF7;./images/087_346937065399354_1246793508747034.jpg;THESEARE IMMIGRANTS BEING WELCOMED TO THE UNITED STATES AT ELLIS ISLAND.   FOR EVERYONE LOOKING TO MAKE AMERICA GREAT AGAIN BY GETTING RID OF IMMIGRANTS, DEMOCRATS
346937065399354;1247582008668184;no factual content;;https://scontent.xx.fbcdn.net/v/t1.0-9/s720x720/14370262_1464603143550659_821211206136857571_n.jpg?oh=48e47674e20ee3241de7d3a949eed59a&oe=5AA04D80;./images/088_346937065399354_1247582008668184.jpg;|7,?“ omari_aki|| MAM Is KILLED TELL us ALL THE ADTHINGS 7 E usen T0 BE ' WHITE MAN RAPE THEY TELL US ALL THE GREAT THINGS HE CIJULIJ BECOME. -IJMAR|| AKIL C) Q (9|
346937065399354;1247725991987119;no factual content;;https://scontent.xx.fbcdn.net/v/t1.0-9/p720x720/14433195_1463351953675778_6634186886861891649_n.jpg?oh=217d788601bda302d17295a4d9e12329&oe=5A614A3F;./images/089_346937065399354_1247725991987119.jpg;< Tweet Q '7: B You Retweeted Saeed Jones 0 -/ @theferocity If you keep killing us, there won’t be any black people left to stand for the National Anthem — and I know how important that is to you. 9/19/16, 5:22 PM 1,118 RETWEETS 2,281 LIKES « +3 U W
346937065399354;1247756578650727;no factual content;It's actually terrifying.;https://scontent.xx.fbcdn.net/v/t1.0-9/14344121_1247756578650727_4543764801295519499_n.jpg?oh=95adce426a29334e0ebba724bb3ab414&oe=5A639D05;./images/090_346937065399354_1247756578650727.jpg;THE PRllBlEM IS NOT THAT HIS SUPPﬂ RTERS CAN’T TELL THEPRﬂBLEM ISTHAT
346937065399354;1247976241962094;mostly false;;https://scontent.xx.fbcdn.net/v/t1.0-9/14449796_1465108913500082_1876560913869718565_n.png?oh=062f46a274a8b44b3b3a793caf9f38ff&oe=5AAD6BA1;./images/091_346937065399354_1247976241962094.jpg;1'7". .'r ,- 1. lWhile you were bitching about 10 cents/day of your taxes spent on food stamps... R” The Pentagon squandered $43, 000 per household on the 1 ‘ wars in Iraq and Afghanistan.
346937065399354;1248454695247582;no factual content;Great question...;https://scontent.xx.fbcdn.net/v/t1.0-9/14440631_1248454695247582_2111550401121076730_n.jpg?oh=8fb116c9660be8950f73d0317c4fe5f4&oe=5AACDFC2;./images/092_346937065399354_1248454695247582.jpg;They boo a black man who doesn't stand for the American flag‘ Then they boo a black man who does. Could it be that (he llag isn't the reason khey're booing?
346937065399354;1248598775233174;no factual content;Nailed it.;https://scontent.xx.fbcdn.net/v/t1.0-9/s720x720/14440950_1465971186747188_8258637701194297278_n.jpg?oh=8614debeb93aa16c87508f90dbe199d4&oe=5AAD3EDD;./images/093_346937065399354_1248598775233174.jpg;White people 2016: "Destruction of property makes a protest illegitimate" White people1773: ,- ‘ \ . /V
346937065399354;1248473691912349;no factual content;A picture says a thousand words. Image shared by Occupy Democrats, LIKE our page for more!;https://scontent.xx.fbcdn.net/v/t1.0-9/s720x720/14364706_1248473691912349_493678738619693161_n.jpg?oh=049d441d24f07bfed72334b7cb6b97b8&oe=5A9EF870;./images/094_346937065399354_1248473691912349.jpg;QHEN'EMANWK ummwv     OFFENSIVE!
346937065399354;1248493041910414;no factual content;Good idea. Image shared by Occupy Democrats, LIKE our page for more!;https://scontent.xx.fbcdn.net/v/t1.0-9/14368842_1248493041910414_3699074828720046917_n.jpg?oh=26cbc4a2278493de9d1e3fe9e7fd17f7&oe=5AA74592;./images/095_346937065399354_1248493041910414.jpg;NO DRUG = TEST Republicans regularly demand that all welfare, food stamp, and unemployment recipients be drug tested. How about if all gun purchasers be drug tested? Then we can watch the Republicans jump up and scream that drug testing to buy guns is unconstitutional.
346937065399354;1248526781907040;mostly false;Sure does. Image shared by Occupy Democrats, LIKE our page for more!;https://scontent.xx.fbcdn.net/v/t1.0-9/s720x720/14446107_1248526781907040_6167206011060755577_n.jpg?oh=3070704563f244665c5246d6f11b8eaa&oe=5AAD8AEF;./images/096_346937065399354_1248526781907040.jpg;Trump. *Hexicans are rapists and can't be fair judges *Keep all Muslims, even citizens, out of the count:- *08 military should torture e children of terror suspects *Encourages punching of peaceful protesters *Servz'cewomen should expect rape   EL" E‘ Trump Supporters: *Hill is a whore \ *Wors ‘p Jesus or leave .3 1.- *0bama is a Muslim * ”Hang the Wall!” "F**k Islam” *White Power, confederate ﬂags *F**k those dirty beaners!" SOUNDS PRETTY DEPLORABLE TO ME!
346937065399354;1248555121904206;mostly true;We couldn't agree more. Special thanks to Robert Reich Image by Occupy Democrats, LIKE our page for more!;https://scontent.xx.fbcdn.net/v/t1.0-9/14463252_1248555121904206_1907763501731301925_n.png?oh=6c92b308c43d28d36f40819958704d61&oe=5A734F42;./images/097_346937065399354_1248555121904206.jpg;“As ofthis morning, a new poll puts the odds of a Trump victory at better than 40%. A higher than 40% chance that the most powerful nation in the world will be headed by a bigoted, narcissistic megalomaniac with fascist tendencies is too high for any sane person to accept.” K - Robert Reich ?/ OCCUPV DEMOCRATS
346937065399354;1248608988565486;no factual content;The hypocrisy is truly astounding. Image by Occupy Democrats, LIKE our page for more!;https://scontent.xx.fbcdn.net/v/t1.0-9/14449986_1248608988565486_6019737735282479814_n.png?oh=c9f29ae0b147e662fa7f61bbcf3ceeb0&oe=5AAA7E41;./images/098_346937065399354_1248608988565486.jpg;|"i . 3 , ‘ , A A 0"” BEPIIBIIGMIS W0lllll MIMIIIE A MMI Wlll) Ills MADE A FOB'I'IIIIE BY I(IGKIIIE P003 ”0?“ 0||" 0F 'I'IIEIII ||IOMES    ﬂllll IIISIIESPEG'I' I I'll"! GIIIIIS'I'IMI Wlll) Blllllls HIE! ||IOMES ron P003 ”0?“. DEMOCRATS|
346937065399354;1248626551897063;mostly true;Is anyone surprised that Trump is calling for an increase in a racist policy deemed unconstitutional in 2013? Read more here: http://theatln.tc/2cGwCdu Special thanks to Andy Borowitz Image by Occupy Democrats, LIKE our page for more!;https://scontent.xx.fbcdn.net/v/t1.0-9/14432941_1248626551897063_5889531509272415778_n.png?oh=b0304a53de10dc25b22fab31f3a5a1a8&oe=5AAE18BA;./images/099_346937065399354_1248626551897063.jpg;uTRUMP IS NOW ADVUBATING AN INCREASE IN "SHIP AND FRISK" BY POLICE. ‘ SI] WHEN HE ASKED BLACK VOTERS A FEW WEEKS A60, "WHAT [10 YOU HAVE T0 LUSE" BY VﬂTING FUR HIM, THEY.NUW HAVE AN ANSWER: JUST THEIR CIVIL LIBERTIES!" - ANDY BﬂRﬂWITZ
346937065399354;1248647758561609;no factual content;Food for thought. Image shared by Occupy Democrats, LIKE our page for more!;https://scontent.xx.fbcdn.net/v/t1.0-9/14391007_1248647758561609_8741011313381310056_n.jpg?oh=fd611cc32f3b398918517074ab31cbff&oe=5A712C1D;./images/100_346937065399354_1248647758561609.jpg;, , DOMENICk NATI'Q v @KingOfContacls Why are people rioting? Black people should try a more peaceful approach to make a statement, like quietly taking a knee or silently raising a fist. Surely no one would criticize black people for a non—violent display of their cultural concerns.
346937065399354;1249630701796648;no factual content;TRUTH.;https://scontent.xx.fbcdn.net/v/t1.0-9/14222309_1466135163397457_2776797783128472605_n.png?oh=865582e74514d894148751ec64426169&oe=5A6F7737;./images/101_346937065399354_1249630701796648.jpg;We can’t sell CDs(A10n Sterling) We can’t sell cigarettes (Eric Garner) We can’t drive cars (Sandra Bland) We can’t play in parks (Tamir Rice) We can’t wear hoodies (Trayvon Martin) We can‘t play music (Jordan Davis) We can’t play with toys in Wal-Mart (John Crawford) We can‘t go to the mall (McKenzie Cochran) We can’t ask for help after an accident (Jonathan Ferrell) We can’t walk outside (Rckia Boyd) We can’t ride public transportation (Oscar Grant) We can’t attend our own bachelor’s party (Scan 801]) We can’t go to the store (Mike Brown) We can’t have car trouble (Corey Jones) We can‘t sleep (Aiyana Jones) We can’t pray (Charleston 9) We can‘t accidentally park (Danroy DJ Henry) We can’t comply (Philandm Castille) We can’t put our hands up (Tcrcncc Crutchcr) We can’t read a book in a parked car (Keith Lamont) Shall I continue? smh
346937065399354;1249702155122836;no factual content;Hear that, Fox "News?" Image by Occupy Democrats, LIKE our page for more!;https://scontent.xx.fbcdn.net/v/t1.0-9/14463191_1249702155122836_1216325216672377776_n.png?oh=0de0d40b38cf9853934a23db31157733&oe=5A712216;./images/102_346937065399354_1249702155122836.jpg;BEING AGAINST THE UNJUSTIFIEI SHﬂﬂTING 0F UNARMEI AMERIBANS DUES NGT MAKE GNE "ANTl-PULICE." IT'S RIDICULGUS THAT THIS EVEN HAS TO BE SAII. ‘ ‘ DDDDDDDDD
346937065399354;1249815455111506;mostly true;The difference is like night and day. Read more here: http://wapo.st/1SuUq3k Image by Occupy Democrats, LIKE our page for more!;https://scontent.xx.fbcdn.net/v/t1.0-9/14440931_1249815455111506_2009238314995649358_n.png?oh=0c8d79aeb233362a9df8e23c41f88b35&oe=5A6C4DBE;./images/103_346937065399354_1249815455111506.jpg;40 YEARS AGO... Hillary was canvassing America writing a groundbreaking report about childhood poverty for the Children's Defense Fund...   While Trump was settling Justice Department civil rights charges after an undercover investigation found him denying apartments to black familiesi America, see the difference? OCCUPV DEMOCRATS
346937065399354;1249822718444113;no factual content;Hear, hear!;https://scontent.xx.fbcdn.net/v/t1.0-9/14358866_1249822718444113_1127880073184684184_n.jpg?oh=021e6bc046799688d8c36275bcd8c6d9&oe=5A6D7E47;./images/104_346937065399354_1249822718444113.jpg;Dear American police, We are not anti-cop. We appreciate the sacrifices you make and the risks you take to keep us safe. But please, stop shooting unarmed men just because you "feel scared." Deadly force should only be applied in extreme cases of clear danger, because lives matter. Signed, your fellow Americans
346937065399354;1249898211769897;no factual content;Boom.;https://scontent.xx.fbcdn.net/v/t1.0-9/14441133_1467204653290508_3809718243539315360_n.jpg?oh=8d0b3d59c8c764f76d1951938ab22782&oe=5A6C3E47;./images/105_346937065399354_1249898211769897.jpg;Black lives matter. "All lives matter‘" All? "AIL" Syrian refugees? "Well.." LGBTQ lives? "The Bible says”? Unarmed black men? "Should have compliedm" Poor people on food stamps or some form of assistance? "I'm not subsidizing laziness”? People of different religious faiths than yours or no religious faith? "There‘s only one true..." Here. "What's this?" It‘s a dictionary. Before you say "all lives matter" again, look up the word "all." It‘s toward the front.
346937065399354;1250043525088699;no factual content;LOL!;https://scontent.xx.fbcdn.net/v/t1.0-9/14457506_1250043525088699_3712411316468094503_n.jpg?oh=6382168a32eda87eeea906dd7e808cee&oe=5A672699;./images/106_346937065399354_1250043525088699.jpg;He insulted my wife and called my dad a murderer. J.Jgg‘T 341,] , L“ ‘,‘.‘__.,‘_‘_7_ _‘ J:
346937065399354;1250059701753748;no factual content;Food for thought...;https://scontent.xx.fbcdn.net/v/t1.0-9/p720x720/14433153_1250059701753748_4376519106487084889_n.jpg?oh=48cff121c39c4084ffcd692a89b823a5&oe=5A7360A3;./images/107_346937065399354_1250059701753748.jpg;
346937065399354;1252670108159374;no factual content;No designated driver required. Image by Occupy Democrats, LIKE our page for more!;https://scontent.xx.fbcdn.net/v/t1.0-9/14484822_1252670108159374_8486080681310250243_n.png?oh=5221b56f6ac7a30854d012468f2d4e74&oe=5AAD381F;./images/108_346937065399354_1252670108159374.jpg;How to stay SOBER during tonight’s debate: Take a shot every time Trump tells the m C:   DEMOCRATS
346937065399354;1252671111492607;no factual content;LOL. Image by Occupy Democrats, LIKE our page for more!;https://scontent.xx.fbcdn.net/v/t1.0-9/s720x720/14432969_1252671111492607_5075490620207673157_n.png?oh=92f43dea877fc15457428ff31bc0b958&oe=5AAE3D46;./images/109_346937065399354_1252671111492607.jpg;l was going to drink every time Trump lies at the debate, but I would rather not die of alcohol poisoning tonight.       DEMOCRATS
346937065399354;1252671418159243;mostly true;He cheated on wife #1 with wife #2, and wife #2 with wife #3. But tell me again why we're supposed to trust him? Image by Occupy Democrats, LIKE our page for more!;https://scontent.xx.fbcdn.net/v/t1.0-9/14433021_1252671418159243_1227935713415929453_n.png?oh=0d542099df1ae6751a64d9bed20f4c1f&oe=5AAC8099;./images/110_346937065399354_1252671418159243.jpg;“Donald Trump will never let you down!” - Donald Trump’s THIRD wife A‘ MW OCCUPV DEMOCRATS
346937065399354;1252693114823740;no factual content;HOW???;https://scontent.xx.fbcdn.net/v/t1.0-9/14516612_1252693114823740_8526167479860890091_n.jpg?oh=4a50747f3c13a793ac21ede8badc2332&oe=5AA7BFCB;./images/111_346937065399354_1252693114823740.jpg;MOST IIIIAlIFIEIl I’IIESIIIEN'I'IAl ﬂAﬂlllllATE IN THE MOIIEBII EBA [EAST llllAlIFIEll ‘ Paisminnnlcnnnlnm '1 m m:nlcnu nlsronv E7! America, how is this even a question? .w DEMOCRATS
346937065399354;1252720634820988;mixture of true and false;Yep...;https://scontent.xx.fbcdn.net/v/t1.0-9/14462898_1252720634820988_343285785202243493_n.jpg?oh=989734d66efeb8349dbd2b68853750fc&oe=5AA6C71E;./images/112_346937065399354_1252720634820988.jpg;I'VE BEEN ENIIIIIISEII BY EVERY WHITE SIIPIIEMAGIS'I' Allll WHITE HATIIJIIMIS'I' HATE GROUP Ill AMEBIGA   ‘IF’ I'I'IIA'I' IIIIESN'IT- MAKE Y0ll\ THINK TWIGE BEHIIIE SIIPPIIII'I'INE ME. NOTHING Wlll u" \DEMOCRATS
346937065399354;1252862001473518;no factual content;Share if you do too!;https://scontent.xx.fbcdn.net/v/t1.0-9/14449820_1252862001473518_5572706712860959202_n.png?oh=cfdf3f19d56eb3b72d2e97ae5cdf2d51&oe=5AAB5D9B;./images/113_346937065399354_1252862001473518.jpg;I'm not a violent person but I hope Hillary ‘x‘. kicks Trump's ass ék tonight. \\ \ ’ 1 II,    L‘AII DEMOCRATS
346937065399354;1252876628138722;no factual content;True story. Image by Occupy Democrats, LIKE our page for more!;https://scontent.xx.fbcdn.net/v/t1.0-9/14446053_1252876628138722_4929930932171856587_n.png?oh=7f555cf06965badd44396ef13fafcaa9&oe=5A6DA2FC;./images/114_346937065399354_1252876628138722.jpg;DEBATE? Trump is a narcissistic sociopath. End of debate.   OCCUPV DEMOCRATS
346937065399354;1252884128137972;mostly true;Please!;https://scontent.xx.fbcdn.net/v/t1.0-9/14484888_1252884128137972_2663557098056297886_n.jpg?oh=4eab15b7880a985f97490eac66a710a9&oe=5AAF6CA0;./images/115_346937065399354_1252884128137972.jpg;"I hope Trump tells us tonight why, amidst huge inequality, he thinks we should give a huge tax breaks to billionaires." - Bernie Sanders A   OCCUPV DEMOCRATS
346937065399354;1252892884803763;mostly true;ZING!;https://scontent.xx.fbcdn.net/v/t1.0-9/14457552_1252892884803763_5433491379108088377_n.jpg?oh=c5e9eccc60e0bd4e60e51495ebec2611&oe=5A625EA6;./images/116_346937065399354_1252892884803763.jpg;"I'm glad Trump is concerned about manufacturing jobs going abroad. He might want to start making his clothing in the US, not Iow-wage countries. " - Bernie Sanders OCCUPV DEMOCRATS
346937065399354;1252897674803284;mostly true;Hear, hear! Image by Occupy Democrats, LIKE our page for more!;https://scontent.xx.fbcdn.net/v/t1.0-9/14485048_1252897674803284_8283306783857746080_n.jpg?oh=003e0f3bc51358b0c87083473e9bf3fd&oe=5A6DF1CE;./images/117_346937065399354_1252897674803284.jpg;"If Trump is concerned about companies going abroad maybe he should move his plants out of Bangladesh, where workers are paid 30 cents an hour." - Bernie Sanders ‘., A “I s. L" :   OCCUPV DEMOCRATS
346937065399354;1252952691464449;mostly true;And some people want him to be president?! Image by Occupy Democrats, LIKE our page for more!;https://scontent.xx.fbcdn.net/v/t1.0-9/14484633_1252952691464449_2149709139144681973_n.jpg?oh=ff2961c8430e00e2fc4f1f3d3b172e69&oe=5AA8883C;./images/118_346937065399354_1252952691464449.jpg;|ll|| don't know if it's a world record but Donald Trump has been sued more than 3,500 times over the past 30 years. He is a pathological liar." — Bernie Sanders A   OCCUPV DEMOCRATS|
346937065399354;1252970768129308;no factual content;LOL yep... Special thanks to Andy Borowitz Image by Occupy Democrats, LIKE our page for more!;https://scontent.xx.fbcdn.net/v/t1.0-9/14358847_1252970768129308_6621440578890730297_n.jpg?oh=1460a06635d3798c7f1d085056e32c84&oe=5AA6F908;./images/119_346937065399354_1252970768129308.jpg;THE SWEREW MQMENW FﬂR TRWP A'i' Tﬁl$   WWWWWWWWWW
346937065399354;1252978291461889;mostly true;EXACTLY! Image by Occupy Democrats, LIKE our page for more!;https://scontent.xx.fbcdn.net/v/t1.0-9/14462997_1252978291461889_4167866573336832938_n.jpg?oh=b62b9897b67158c037faf4a63150ab23&oe=5AA5501D;./images/120_346937065399354_1252978291461889.jpg;IEAR TRUMP, AS SﬂﬂN AS YOU TRAVEL TO . NEGﬂTIATE PEABE DEALS WITH OUR ADVERSARIES ARDUNI THE WORLI, AND PﬂWER THROUGH AN BﬂNGRESSIUNAL WITBHHUNT HEARING... WWWWWWWWWW
346937065399354;1252979931461725;no factual content;LMAO. Did anyone else notice?;https://scontent.xx.fbcdn.net/v/t1.0-9/s720x720/14494628_1471187602892213_4861444322834768276_n.jpg?oh=201371d98d8d243660630397f31ca92a&oe=5AA724DD;./images/121_346937065399354_1252979931461725.jpg;“'4 NBC NEWS LIVE    *THE PRESIIIENTIAI. DEBATE a
346937065399354;1252994151460303;no factual content;;https://scontent.xx.fbcdn.net/v/t1.0-9/14440832_1471196759557964_6111469469821460385_n.jpg?oh=52d37ea76d3041262e7354fa46608a3c&oe=5A67E604;./images/122_346937065399354_1252994151460303.jpg;
346937065399354;1253004251459293;mostly true;True story... Image by Occupy Democrats, LIKE our page for more!;https://scontent.xx.fbcdn.net/v/t1.0-9/14441086_1253004251459293_3882148289622388495_n.jpg?oh=4acfb3a1d256c0c1032e023d1106aefc&oe=5AA998C7;./images/123_346937065399354_1253004251459293.jpg;"Hillary Clinton was prepared for the debate and she's prepared for the presidency. Donald Trump only prepared lies and conspiracy theories. " — Sen. Elizabeth Warre:\ l OCCUPV DEMOCRATS
346937065399354;1253009208125464;mostly true;HEAR, HEAR! Image by Occupy Democrats, LIKE our page for more!;https://scontent.xx.fbcdn.net/v/t1.0-9/14492419_1253009208125464_1159901873974895035_n.jpg?oh=58b530063f5dc15477f19c2f859fb5f7&oe=5A695ED0;./images/124_346937065399354_1253009208125464.jpg;"A man who could be provoked by a tweet should not have his hands anywhere near the nuclear codes." ' “‘ " - Hillary Clinton, at the debate   OCCUPV DEMOCRATS
346937065399354;1253027368123648;mostly true;Nice try, Trump! LIAR! Image by Occupy Democrats, LIKE our page for more!;https://scontent.xx.fbcdn.net/v/t1.0-9/14457495_1253027368123648_8260473362312751404_n.jpg?oh=0e9cc546b65bb2e34dba559be3dafb8c&oe=5A72BA98;./images/125_346937065399354_1253027368123648.jpg;3 3 Donald J. Trump Follow (\4 The concept of g‘oba‘ warming was created by and forthe Chmese m orderto make U‘S, mamfacturing nonmorrvpetwthE.   "Donald thinks climate Change is a hoax, perpetrated by the Chinese." — Hillary Clinton "I did not say that. I did not." - Donald Trump Hey Trump, how stupid do you think Americans are? You deleted the tweet above, but the Internet never forgets. _DEMOCRATS
346937065399354;1253046604788391;no factual content;LOL!!! Image by Occupy Democrats, LIKE our page for more!;https://scontent.xx.fbcdn.net/v/t1.0-9/14516374_1253046604788391_562126966162143945_n.jpg?oh=b2a7cb1b5c47eb78c1b805cc700eb9a2&oe=5A66135C;./images/126_346937065399354_1253046604788391.jpg;nomun mum mm sum comm: our or Ins...    \ l . . 0 . ‘ ,- 7“ DEMOCRATS
346937065399354;1253063154786736;no factual content;Poor Trump! LOL Image by Occupy Democrats, LIKE our page for more!;https://scontent.xx.fbcdn.net/v/t1.0-9/14484754_1253063154786736_155757081317142409_n.jpg?oh=65461db0cfda8fb3d10d3aaef310681e&oe=5AB03307;./images/127_346937065399354_1253063154786736.jpg;THAT IlAlill IllllAIIY IIIAAEII TIIE DEBATE '    BY "SINA FACTS “A \
346937065399354;1253073828119002;mostly true;BOOM! This was probably the best moment of the debate. Image by Occupy Democrats, LIKE our page for more!;https://scontent.xx.fbcdn.net/v/t1.0-9/14484720_1253073828119002_4671140340007285098_n.jpg?oh=5b76c0787ad097bf26a2da03c5e7f4d3&oe=5AA344E4;./images/128_346937065399354_1253073828119002.jpg;"I think Donald Trump just criticized me for preparing for this debate. And yes, I did. And you know what else I prepared for? I've prepared to be president." - Hillary Clinton   Dmocnns
346937065399354;1253099444783107;no factual content;LOL! That explains it... Image by Occupy Democrats, LIKE our page for more!;https://scontent.xx.fbcdn.net/v/t1.0-9/14492366_1253099444783107_5767993933888187515_n.jpg?oh=da713a6c48695e1db7c7da2e61bb30d4&oe=5A654675;./images/129_346937065399354_1253099444783107.jpg;I WROTE “. 1. ‘IA M: 'x I v I \- §    S 'S n2"Jn'#-l'mﬁ%$'ms
346937065399354;1252672244825827;no factual content;Truth. Image by Occupy Democrats, LIKE our page for more!;https://scontent.xx.fbcdn.net/v/t1.0-9/14445982_1252672244825827_5499103008330946942_n.png?oh=38bb8aff9878a6693909c4b99b0e0c2c&oe=5A6D84AE;./images/130_346937065399354_1252672244825827.jpg;IMMIEIinuIs mm STEM 1033 on WAGES 7 {'1 Blulofmniis no DEMOCRATS
346937065399354;1252909354802116;no factual content;Trump is a con man, plain and simple. Image by Occupy Democrats, LIKE our page for more!;https://scontent.xx.fbcdn.net/v/t1.0-9/14448955_1252909354802116_6973255946871123538_n.png?oh=dd1d05d8ee53e6deea42d93d9093db9a&oe=5A6FFF46;./images/131_346937065399354_1252909354802116.jpg;DONALD TRUMP’S PLAN TO FIGHT ISIS: THIS IS INTENTIONALLY LEFT BLANK. BUT THE PLAN IS GREAT, LET ME TELL YOU. 80 GREAT. DEMOCRATS
346937065399354;1253108748115510;no factual content;LOL! 😂😂😂 Image by Occupy Democrats, LIKE our page for more!;https://scontent.xx.fbcdn.net/v/t1.0-9/14517651_1253108748115510_7453348655958921127_n.jpg?oh=544a9a21fc4c321f4e3ae158bd449bd8&oe=5A6C055A;./images/132_346937065399354_1253108748115510.jpg;|'I'IIAT FAB! Y0" MAKE   \ ‘ WHEN VIIII'BE A BllllY AND ||_IIS'I' GOT BEAT IIP BY A ﬂlﬂl WWWWWWWWWW|
346937065399354;1253115114781540;no factual content;LOL! You know he's lying when his lips move.;https://scontent.xx.fbcdn.net/v/t1.0-9/14433208_1253115114781540_2283554753658500762_n.jpg?oh=1e330f492dd4553f3fa608e5a76ff5f4&oe=5AA84723;./images/133_346937065399354_1253115114781540.jpg;DNE IAY WE Will. HEAR IIﬂNAI. TRUMP EN?EN3EI.Y TELL A REPIRTER
346937065399354;1253131941446524;no factual content;LOL! Image by Occupy Democrats, LIKE our page for more!;https://scontent.xx.fbcdn.net/v/t1.0-9/14502740_1253131941446524_3549742832953709053_n.jpg?oh=6b1cdcbd57f9105756a7e4f953617fa7&oe=5A62F511;./images/134_346937065399354_1253131941446524.jpg;ﬂEP ljﬂﬂBlE§’vﬂA!lI\lﬂ_E I(Illnll nnnnnnnnnnnnn ,, r —‘ ‘x‘ﬁJ ﬁ ~ ‘_ (I, ’ ﬂow] Kimmy": VJ   ??is r BECAUSE It‘luST KlllEn ‘TIIIIMI’ITIINIEII'I'!
346937065399354;1253137848112600;no factual content;LOL! Image by Occupy Democrats, LIKE our page for more!;https://scontent.xx.fbcdn.net/v/t1.0-9/14358849_1253137848112600_732321703563466127_n.jpg?oh=37476b45574edf74e60de788a0f17741&oe=5A6636FC;./images/135_346937065399354_1253137848112600.jpg;MEANWIIIIE
346937065399354;1253151444777907;no factual content;Hear, hear! Image by Occupy Democrats, LIKE our page for more!;https://scontent.xx.fbcdn.net/v/t1.0-9/14469676_1253151444777907_5975296933980824680_n.jpg?oh=7b8655c0786e1273783c79e1d505faf4&oe=5A65EA68;./images/136_346937065399354_1253151444777907.jpg;Dear Donald Trump, Not paying any income taxes despite being a wealthy man doesn't "make you smart," like you said at the debate. It makes you a selfish, unpatriotic crook, and it should disqualify you from the presidency. Signed, the American people
346937065399354;1253182268108158;no factual content;Great idea!;https://scontent.xx.fbcdn.net/v/t1.0-9/s720x720/14463038_1471293542881619_3515351951340225209_n.jpg?oh=a0b5a41d125bed74b56edb70d49ad493&oe=5AA94263;./images/137_346937065399354_1253182268108158.jpg;. Betty F*ckin' White @Bettchkahite If you stay in a Trump hotel, refuse to pay. Say that you weren't satisﬁed. He said that's cool. #debatenighti 941PM 2689010 10K ?ak MIT 16:, 13.6K \ \KH‘)
346937065399354;1253200038106381;no factual content;LOL! Image by Occupy Democrats, LIKE our page for more!;https://scontent.xx.fbcdn.net/v/t1.0-9/14484862_1253200038106381_5905321584990819903_n.jpg?oh=66b57ba75b6d10abfe9a14a9837f01f7&oe=5A9BF914;./images/138_346937065399354_1253200038106381.jpg;- m: jimsllll. mm A PERFECT SUMMARY 0F WE EBATE OCCUPV DEMOCRATS
346937065399354;1253228411436877;no factual content;LOL! Image by Occupy Democrats, LIKE our page for more!;https://scontent.xx.fbcdn.net/v/t1.0-9/14446164_1253228411436877_2932354836288653791_n.jpg?oh=e44d4c21c4e2263871e24eaef4504127&oe=5A9DC770;./images/139_346937065399354_1253228411436877.jpg;'I'IIAT PAGE Yllll MAKE «'7‘ rs , 9 .9: db WIIEN Vllllﬂ DPPIINENT IS Ilﬂlllli Sllﬂll A 6000103 AT Sﬂlllllllllﬂ [IKE Ml IlllllT THA'I' Yﬂll JUST 8" IllllE'l' AMI] lET HIM IIAIIE HIMSELF OCCUPV DEMOCRATS
346937065399354;1253239891435729;None;None;None;None;None
346937065399354;1253259148100470;no factual content;LOL! Image by Occupy Democrats, LIKE our page for more!;https://scontent.xx.fbcdn.net/v/t1.0-9/14502890_1253259148100470_6242933536344979401_n.jpg?oh=37f2a66833f18ac2c5ad1d420f44136b&oe=5A65F4C0;./images/141_346937065399354_1253259148100470.jpg;|WHEN Yllll IIIIIN'T PREPARE AT All Hill THE DEBATE AMI] Yllllll ﬂPPIINENT DEFINITElY IIIII 33: m} ‘1 80 VII" l"ST||§IIOII'I' AMI] INTEIIIIIIP'I' AND IIIII’E N0 0“ Wlll NOTICE WWWWWWWWWW|
346937065399354;1253262431433475;no factual content;Cognitive dissonance, much? Image by Occupy Democrats, LIKE our page for more!;https://scontent.xx.fbcdn.net/v/t1.0-9/14433070_1253262431433475_6340546667276639966_n.jpg?oh=bd3cdf0c04b738e4a2fcc83871ecbee0&oe=5AA64131;./images/142_346937065399354_1253262431433475.jpg;"WE NEEII [AW Allll IIIIIIEII Ill AMERIGA"   SAYS 'I'IIE GIIY WHO 1081' BIIAGIIEII ABOII'I' ﬂIIEA'I'ING THE TAX BABE ANII NOT _!’AXING HIS WORKERS
346937065399354;1253317551427963;mostly true;This was Dan Rather's reaction to last night's debate.;https://scontent.xx.fbcdn.net/v/t1.0-9/14517393_1253317551427963_8951397325496641754_n.jpg?oh=f54672a6ae10d69fd0f88ee8a9d3064e&oe=5AA09E7F;./images/143_346937065399354_1253317551427963.jpg;"To call Trump a con man, as many have, is a disservice to the art of the con. By its definition a con requires deceit. But Trump has not tried to hide his lies or the sheer unrealistic auda’ity of his cartoonish policy positions."   - Dan Rather ”a OCCUPV DEMOCRATS
346937065399354;1253678231391895;no factual content;TRUTH. Thanks to Hostile Politics.;https://scontent.xx.fbcdn.net/v/t1.0-0/p180x540/14462980_1253678231391895_6406461609726461546_n.jpg?oh=7df59dfd85673f48ccb9dda4267b4da7&oe=5AAAF787;./images/144_346937065399354_1253678231391895.jpg;@3chmeme HOSTILE POLITICS
346937065399354;1253708524722199;no factual content;LOL! Nailed it...;https://scontent.xx.fbcdn.net/v/t1.0-9/14463176_1253708524722199_4906420931172930303_n.jpg?oh=82ae51768e6f3b6cbda6716a64587015&oe=5A9F8018;./images/145_346937065399354_1253708524722199.jpg;Trump created millions of jobs after the debate -- in the field of fact-checking.
346937065399354;1253886858037699;no factual content;Donald the chicken-hawk is running scared just like he did during Vietnam. Image by Occupy Democrats, LIKE our page for more!;https://scontent.xx.fbcdn.net/v/t1.0-9/14519885_1253886858037699_8349639910210075678_n.png?oh=f262ef0a84d555c3ed3809d8bab9cae4&oe=5AA19436;./images/146_346937065399354_1253886858037699.jpg;'u“.. U Mun CC IllllﬂIW BEAT 'I'IIIIMP 80 BM!“ lﬂS'l' HIGII'I' IIE'S lﬂﬂﬂlﬂﬁ run A MEIIIGAI IIEFEIIMEII'I' 1'0 IlﬂllliE THE NEXT IIEBA'I'E OCCUPV DEMOCRATS
346937065399354;1253921808034204;no factual content;What is he hiding? Image by Occupy Democrats, LIKE our page for more!;https://scontent.xx.fbcdn.net/v/t1.0-9/14522969_1253921808034204_6442074805677238932_n.png?oh=6bd884c2a21e0b030604cdcdcb392e77&oe=5AA15331;./images/147_346937065399354_1253921808034204.jpg;HOW DONALD TRUMP LIES TO AMERICA: 1. "I will release my taxes ifl run for President?" 2. "If Obama shows his birth certificate, I will release my taxes?"   3. "I can't release my taxes 'cuz I am under an audit?" 4. "If Hiliary Clinton releases all of her emails, I will release my taxes?" _DEMOCRATS
346937065399354;1254132968013088;mostly true;;https://scontent.xx.fbcdn.net/v/t1.0-9/10436351_644982498928141_2045723083010988635_n.jpg?oh=005fbfd415dd9ec50e4a288098ba4e63&oe=5AA230E3;./images/148_346937065399354_1254132968013088.jpg;ATM", 1913 H i {ﬂu :‘   I'M SHARINE THIS IN CASE Yﬂll THINK ENVIRUNMENTAL REGULATIUNS NECESSARY. 0W Dewar“ 
62317591679;10153841773311680;mostly true;The latest from POLITICO cartoonist Matt Wuerker. For more cartoons: http://politi.co/2cNDGEA;https://scontent.xx.fbcdn.net/v/t1.0-0/p600x600/14329908_10153841773311680_1327480998722526061_n.jpg?oh=1f44d42042b7373d75415f5ce9a96701&oe=5A73DDB9;./images/149_62317591679_10153841773311680.jpg;mm W WANTS TO BE AN ARW PRIVATE 6915mm Kmv OF HEALTH SCREENING...   ...WH1LE ANYONE WHO WANTS TO meow: COMMANDER IN CHIEF GEIS THIS Kmv OF HEALTH SCREEN IN G   Maybe we all need our heads examined. WWW“? wcmvco Emma“. ucyvx
62317591679;10153845031566680;mostly true;Clinton campaign spent almost $50 million in August - POLITICO http://politi.co/2cOCnZh;https://scontent.xx.fbcdn.net/v/t1.0-9/s720x720/14333640_10153845031566680_6058371366615627491_n.jpg?oh=7e229486c5c73d346437bbae3465cd72&oe=5A689474;./images/150_62317591679_10153845031566680.jpg;
62317591679;10153845035321680;mostly true;Democrats waver on override for 9/11 bill - POLITICO http://politi.co/2d6Kgab;https://scontent.xx.fbcdn.net/v/t31.0-8/s720x720/14352222_10153845035321680_6450741751974703691_o.jpg?oh=4bbc85661f047b5685106f49fa524b08&oe=5AA30D1B;./images/151_62317591679_10153845035321680.jpg;
62317591679;10153845038751680;mostly true;Trump puts a boiling battleground in play - POLITICO http://politi.co/2cBtvDl;https://scontent.xx.fbcdn.net/v/t31.0-8/s720x720/14352446_10153845038751680_4876343735208398923_o.jpg?oh=06c202bbfe1060dd142dae10cc96fdb7&oe=5A6F4351;./images/152_62317591679_10153845038751680.jpg;
62317591679;10153845204606680;mostly true;Trump's Israel ground game - POLITICO http://politi.co/2cni8Df;https://scontent.xx.fbcdn.net/v/t31.0-8/s720x720/14352486_10153845204606680_46549969433534035_o.jpg?oh=71b35e57ee7e06b30da5ab5a0b9778e2&oe=5A6E79FE;./images/153_62317591679_10153845204606680.jpg;uvuw'" 01mm“
62317591679;10153860749246680;no factual content;The latest from POLITICO cartoonist Matt Wuerker. For more cartoons: http://politi.co/2d4qBdy;https://scontent.xx.fbcdn.net/v/t1.0-0/p600x600/14449960_10153860749246680_6548398580266925228_n.jpg?oh=2cded8d3942029ac239ea945e833461d&oe=5A739C74;./images/154_62317591679_10153860749246680.jpg;Tim Comma éms Wm ?MEE) 1b mow HILLARY on: Hakmm GAME                        :17 ?mm- or nmounms BO“ F FAN ’1" mum Uumllklszk
62317591679;10153863757616680;no factual content;The latest from POLITICO cartoonist Matt Wuerker. For more cartoons: http://politi.co/2dq7NHd;https://scontent.xx.fbcdn.net/v/t1.0-0/p600x600/14440838_10153863757616680_1269218465519577580_n.jpg?oh=be50cead07245ab48e091b75fe2caa4f&oe=5AAFAA1D;./images/155_62317591679_10153863757616680.jpg;{ mmwmrm ' mm‘mcu IT‘S (ﬂvmrmzLE! Burma. NEE}: @mumms § ll zf
389658314427637;1537693769624080;no factual content;;https://scontent.xx.fbcdn.net/v/t1.0-9/14462952_1537693769624080_947334990431102396_n.jpg?oh=6d376e16e667e5245eb14b40fb313cc1&oe=5AA6DFC4;./images/156_389658314427637_1537693769624080.jpg;“can somebody name Mag» one achievement she ”mp” hadininur years? — N201? Justone,l’m . not asking for three" .justgiveI me one thing. " y  - Charles liI-aumammall
389658314427637;1539756122751178;no factual content;;https://scontent.xx.fbcdn.net/v/t1.0-9/14433055_1539756122751178_9112531511577639061_n.jpg?oh=f7188fb10644e3c36cc2782f46957474&oe=5AA262C2;./images/157_389658314427637_1539756122751178.jpg;
389658314427637;1539757599417697;no factual content;;https://scontent.xx.fbcdn.net/v/t1.0-9/s720x720/14492487_1539757599417697_9084386123465141535_n.jpg?oh=8d1865ac537ad1b1f0daabcf8380679f&oe=5A68AFC9;./images/158_389658314427637_1539757599417697.jpg;5‘ ,lgould kyour sup . ”?é‘ts to stop rioting 4.} .1? WOULD BE GREAT U/
389658314427637;1539758062750984;mostly true;;https://scontent.xx.fbcdn.net/v/t1.0-9/14358843_1539758062750984_2323260466921001869_n.jpg?oh=e51186622bf43e0bf802b61dd3be57ca&oe=5AA47C1A;./images/159_389658314427637_1539758062750984.jpg;. , " ‘7 ' 32,, ’ ' «~ wﬁﬁﬁ_ 4’: ‘ ‘DIS ESPECTs ‘ POSTSO T EET CRITICIZING NATIONAL BLACK LIVES ANTHEM- MATTER. SUPPORTED BY IMMEDIATELY TEAM, NFL AND SUSPENDED MEDIA WITHOUT PAYM
389658314427637;1539758222750968;no factual content;;https://scontent.xx.fbcdn.net/v/t1.0-9/p720x720/14492487_1539758222750968_7453643345334122507_n.jpg?oh=10488d51228e59b0bc85c157022144fa&oe=5AA12DE5;./images/160_389658314427637_1539758222750968.jpg;wENDED THE DEBATE 0F ,IHICH LIVES MATTER HE DIED FOR ALL!
389658314427637;1539758329417624;no factual content;;https://scontent.xx.fbcdn.net/v/t1.0-9/14377709_1539758329417624_2687698143844570023_n.jpg?oh=e36e51ffc5a304842eada6c2a3a43dd1&oe=5A61F167;./images/161_389658314427637_1539758329417624.jpg;‘ .iAQFTAL 7' ~ . mgnﬁleuyne,‘ AT THE wnrre House
389658314427637;1540800372646753;mostly true;If you enjoyed this graphic, please check out our friends at https://www.facebook.com/StopHillaryIn2016;https://scontent.xx.fbcdn.net/v/t1.0-0/p480x480/14462727_1540800372646753_3249990615896405698_n.jpg?oh=67f592bf85486aee69d01905e43f6a13&oe=5A9E8568;./images/162_389658314427637_1540800372646753.jpg;“I will release my tax returns when she releases her 339000 . emails.” - Trump
389658314427637;1540814195978704;no factual content;;https://scontent.xx.fbcdn.net/v/t1.0-9/s720x720/14484852_1540814195978704_453729586803226989_n.jpg?oh=66cd87df5b6c4045698d652d88b83405&oe=5A6EE5EF;./images/163_389658314427637_1540814195978704.jpg;I IISEII BIAGKS IND MINORITIES        'I'II GET EIEG'I'EII AMI] Illll NOTHING Fllll TIIEM . 5       now I AM mnnnsmu mum eumn mums: SHE Is BEST 0"““F'E” T“ ”"WTWETW
389658314427637;1540815292645261;no factual content;;https://scontent.xx.fbcdn.net/v/t1.0-9/p720x720/14470463_1540815292645261_4072759742927360307_n.jpg?oh=467602994b04954c91587995a98c2723&oe=5A9C981C;./images/164_389658314427637_1540815292645261.jpg;Because lilIe ﬁnlockireewavs IiIIIII Bilies. Ilium Molotov ﬂucklails..lonl.1urn liver con liars. I’v‘rﬁ‘t ' ' n . .v« / I ‘\"‘— j m\ AIIII Think This Behavior Is SacIaIIIIAccgnjaLIe ' I ~.
389658314427637;1540815555978568;mixture of true and false;;https://scontent.xx.fbcdn.net/v/t1.0-9/p720x720/14520387_1540815555978568_7619294510370834850_n.jpg?oh=bc5bf139ca40d2dca23dd2f95782266e&oe=5AA5AF3E;./images/165_389658314427637_1540815555978568.jpg;OBﬂMﬂ Sﬂlﬂ HE HM] N0 PRIOR KNOWLEDGE THﬂT HlllﬂRV ClINTUN HM] ﬂ SECRET. PHIUME EMﬂll SERVER It 313 ". ‘1 IN OTHER NEwg/DBAMA USED Ll SECRET NAME WHEN SENDING {SECRET EMﬂIlS Tl] HlllﬂHV' S SjE-‘GRET PRIVATE EMﬂll ACCOUNT.
114517875225866;1462399387104368;no factual content;Right?;https://scontent.xx.fbcdn.net/v/t1.0-9/14292327_1496978643649335_1441084115124629838_n.jpg?oh=88b6489198b0ea4ffb469629c51e30b6&oe=5AA4C385;./images/166_114517875225866_1462399387104368.jpg;IWANT W m' ‘HHEMHV— AﬂﬂNﬁRESS WITH ETHIBS AND HIINIIR (IS THAT Illl] MIIBH Ill ASK fﬂR?)
114517875225866;1462846610392979;mostly true;Here's why we gotta #VoteClimate: VoteClimate.net;https://scontent.xx.fbcdn.net/v/t1.0-9/14322569_1462846610392979_2725450854255520691_n.png?oh=0a053e3f120d993226c2c6bc24e2c758&oe=5AA6B515;./images/167_114517875225866_1462846610392979.jpg;SAMOA HIT BY HAIL STORM $0 RARE RESIDENTS THOUGHT IT WAS A HOAX MEAIIWHILE THE GOP STILL 'I'HIIIKS CLIMATE CHANGE IS A HOAX
114517875225866;1462891757055131;mostly false;;https://scontent.xx.fbcdn.net/v/t1.0-9/11034211_1020628261281485_769275184512494025_n.jpg?oh=8d28cb4a4921adbf5716e6ebbd15736e&oe=5A720975;./images/168_114517875225866_1462891757055131.jpg;|75% Ill ISIS' weanons come from “It! llllilﬂll States. we GOIIIII deieat ISIS With a weanons embargo. Blll V0" can't make any IIIIJIIIW 0||] an embargo, IIIIW can you?|
114517875225866;1463351953675778;no factual content;;https://scontent.xx.fbcdn.net/v/t1.0-9/p720x720/14433195_1463351953675778_6634186886861891649_n.jpg?oh=217d788601bda302d17295a4d9e12329&oe=5A614A3F;./images/169_114517875225866_1463351953675778.jpg;< Tweet Q '7: B You Retweeted Saeed Jones 0 -/ @theferocity If you keep killing us, there won’t be any black people left to stand for the National Anthem — and I know how important that is to you. 9/19/16, 5:22 PM 1,118 RETWEETS 2,281 LIKES « +3 U W
114517875225866;1463586530318987;mostly true;Word.;https://scontent.xx.fbcdn.net/v/t1.0-9/14322592_1463586530318987_4487025496985405375_n.png?oh=dea536f6f9c79bc5d48979f896e31d1f&oe=5A620E24;./images/170_114517875225866_1463586530318987.jpg;DIDN’T BREAK ANY KILLED PEOPLE lAWS -I'IAIIDS UP Ill -FOUGHT WITH THE AIR POLICE tr SHOT DEAD Emma AL!!!
114517875225866;1463623420315298;no factual content;;https://scontent.xx.fbcdn.net/v/t1.0-9/s720x720/14355644_1463623420315298_4700982702303348842_n.jpg?oh=82d17d560e8c86d90473c7433b1665c0&oe=5A9EE7DB;./images/171_114517875225866_1463623420315298.jpg;“ unclerush ”w The world we live in: People upset when a black man takes a knee, but unaffected when a black man takes a bullet, #TerenceCrutcher CDC)? 0 8,850 llkes
114517875225866;1463633763647597;no factual content;;https://scontent.xx.fbcdn.net/v/t1.0-9/p720x720/14441063_1463633763647597_5595146423446874767_n.jpg?oh=66abcd7b79188907b4325ac79de47eb0&oe=5AA1FDBA;./images/172_114517875225866_1463633763647597.jpg;u. . ’7 __,_._-  ﬁmuiﬂgusgs run THIS
114517875225866;1463842706960036;mostly false;Pretty much.;https://scontent.xx.fbcdn.net/v/t1.0-9/14440938_1463842706960036_5661251778058251120_n.png?oh=807187ef79ca996f3b5e953d83ce579e&oe=5A6DB6CF;./images/173_114517875225866_1463842706960036.jpg;THE cor HAS TRIED TO REPEAI. onmgcAnE 60+ TIMES THIS IS THEIR PLAN TO REPLACE I'I'
114517875225866;1463890730288567;mostly false;Ever get the feeling you're being cheated?;https://scontent.xx.fbcdn.net/v/t1.0-9/14364774_1463890730288567_3344137646726856926_n.png?oh=b107e153da706bc83f57802f81068ec2&oe=5A708692;./images/174_114517875225866_1463890730288567.jpg;|onus PRICES - cAIIAnA vs USA - EP||PEN FORANAPHYLAXIS $290 $620 CRESTOR £35393?ng $160 $730 PREMARIN ¥S§REEJ§°GEN $84 $421 ABILIFY FORDEPRESS‘ON $436 $2,626 ZETIA zamaﬁm $183 $840 NEX||UM FORHEARTBURN $214 $736 SYNTHROID WEERTHYROIDBM $50 $101 JANUVIA FORDIAEHES $255 $1,064 CELEBREX FORARHTRITIS $212 $895 ADVAIR £003)??ij $212 $980|
114517875225866;1463831946961112;no factual content;Yep.;https://scontent.xx.fbcdn.net/v/t1.0-9/s720x720/14390660_1463831946961112_2130821499790825247_n.png?oh=5ea0f8d1218df5305027404e08826fcd&oe=5AA3C87C;./images/175_114517875225866_1463831946961112.jpg;lfl had a bowl of skittles and ltold you just three would kill you. Would you take a handful? That's our white male problem. Oh. that‘s right - Trump doesn't consider them terrorists TASTE THE RACISM!
114517875225866;1464603143550659;no factual content;;https://scontent.xx.fbcdn.net/v/t1.0-9/s720x720/14370262_1464603143550659_821211206136857571_n.jpg?oh=48e47674e20ee3241de7d3a949eed59a&oe=5AA04D80;./images/176_114517875225866_1464603143550659.jpg;|7,?“ omari_aki|| MAM Is KILLED TELL us ALL THE ADTHINGS 7 E usen T0 BE ' WHITE MAN RAPE THEY TELL US ALL THE GREAT THINGS HE CIJULIJ BECOME. -IJMAR|| AKIL C) Q (9|
114517875225866;1464969680180672;mostly true;;https://scontent.xx.fbcdn.net/v/t1.0-9/s720x720/14391013_1464969680180672_8145107205849175892_n.jpg?oh=ea92e5f1be6ce2dd4d2a28e00a001e32&oe=5A7343F3;./images/177_114517875225866_1464969680180672.jpg;I am outraged that Apple is outraged by its tax bill (Apple rages at EU’s €13bn tax demand, 31 August). Apple has hundreds of stores in Europe to sell its products. The message to Apple is 4 very simple: if any of your stores catch ﬁre, don’t bother to call the ﬁre service. 1' If you are burgled, don’t call the police. , If you want to deliver your products using public roads, you can’t. If some— one falls off a ladder in one of your stores, don’t call the medical services. If you do not want to pay your taxes, ﬁne. But do not expect to use the infra- structure paid for by our taxes. N eil Holmes Bromsgrove, Worcestershire “tl (1 t' i \ i \
114517875225866;1465108913500082;mostly false;Yep.;https://scontent.xx.fbcdn.net/v/t1.0-9/14449796_1465108913500082_1876560913869718565_n.png?oh=062f46a274a8b44b3b3a793caf9f38ff&oe=5AAD6BA1;./images/178_114517875225866_1465108913500082.jpg;1'7". .'r ,- 1. lWhile you were bitching about 10 cents/day of your taxes spent on food stamps... R” The Pentagon squandered $43, 000 per household on the 1 ‘ wars in Iraq and Afghanistan.
114517875225866;1465109400166700;no factual content;Word.;https://scontent.xx.fbcdn.net/v/t1.0-9/s720x720/14370405_1465109400166700_5111896089025101612_n.jpg?oh=5ca3338b9ce016e8879e7d6b2a15444b&oe=5AA29206;./images/179_114517875225866_1465109400166700.jpg;|> - ryan 3‘ @ryanimarsh L—J Can confirm. As a combat vet this is maddening. #BlackLivesMatter'.‘ - appetltuslnvlctus I was in Iraq 8. even In an actual theater of war,unless you were Immedia‘ely ﬁred on we had several steps to go Ihrough before klll shots. we had rules of engagement and escalation of force cards my command made us carry on us a! all limes with those regulallons. even when a car possibly carrying explosives was barreling down on us, we were taught to exhaust several sleps oi wamlngs before killing: hand slgnals. ﬂags. pop smoke/ ﬂares. warning shots lo the sides, disabling shots THEN kill shols. so for the life of me, || can'l ﬁgured oul why on the streets in the United States of America, police ofﬁcers go immediately lo murder and peogle are just like 'well, in the heat of the moment,"|
114517875225866;1465110096833297;no factual content;Indeed.;https://scontent.xx.fbcdn.net/v/t1.0-9/s720x720/14355180_1465110096833297_2111040362133270717_n.jpg?oh=f42196e85816c662ecf5f9f8529c5397&oe=5A6BFE30;./images/180_114517875225866_1465110096833297.jpg;< Tweet Q r_J E ,_ A ‘ Donald J. Trump a E] ‘ : " @realDona‘dTrump Why isn't President Obama working instead of campaigning for Hillary Clinton? 14/09/2016,1109 PM [I n W %‘ George Takei e E] @GeorgeTakei   As Commander—in-Chief, he is sworn to protect us from threats both foreign and domestic. You, sir, are the latter.
114517875225866;1465839176760389;no factual content;;https://scontent.xx.fbcdn.net/v/t1.0-9/p720x720/14322745_1465839176760389_4222419456255396055_n.jpg?oh=478fe0ce1799ea6ae1427fd4c85133f7&oe=5A9FC4D5;./images/181_114517875225866_1465839176760389.jpg;AND THEN BEPIIBlIﬂAN lESllSi-SAIII: ?
114517875225866;1465971186747188;no factual content;;https://scontent.xx.fbcdn.net/v/t1.0-9/s720x720/14440950_1465971186747188_8258637701194297278_n.jpg?oh=8614debeb93aa16c87508f90dbe199d4&oe=5AAD3EDD;./images/182_114517875225866_1465971186747188.jpg;White people 2016: "Destruction of property makes a protest illegitimate" White people1773: ,- ‘ \ . /V
114517875225866;1466136353397338;no factual content;No more excuses.;https://scontent.xx.fbcdn.net/v/t1.0-9/14370263_1466136353397338_2283103215889486007_n.png?oh=87023c6b4a5139cc0896d1812b738c65&oe=5A9C93B4;./images/183_114517875225866_1466136353397338.jpg;You know that one friend who’s ALWAYS late? They have an excuse every time, but after a while the excuses don’t matter because they’re still ALWAYS late. I think that’s where we’re at with cops killing black people.
114517875225866;1466138256730481;mostly true;Word.;https://scontent.xx.fbcdn.net/v/t1.0-9/14390764_1466138256730481_1148116123830350540_n.png?oh=4622b9f3ad0fb2d80686d4f7145a714f&oe=5AA31248;./images/184_114517875225866_1466138256730481.jpg;“When you tell a kid, ‘When you’re dealing with police,just put your hands up and comply with everything’ and there’s still a chance of them getting shot and no repercussions for anyone, that’s an unfortunate time to be living.” Richard Sherman
114517875225866;1466196130058027;no factual content;Yep.;https://scontent.xx.fbcdn.net/v/t1.0-9/14390843_1466196130058027_166725351149712973_n.jpg?oh=335b5225bdb18372ce96ea7c54a5c909&oe=5AA75D29;./images/185_114517875225866_1466196130058027.jpg;Talia Enright "‘ta‘zv If I had a dollar for every time a BabyBoomer complained about my generation, I‘d have enough money to buy a house in the market they ruined 130320151133 an:
114517875225866;1466252813385692;no factual content;;https://scontent.xx.fbcdn.net/v/t1.0-9/14450007_1466252813385692_2131379392246994271_n.jpg?oh=6ed5572e7770c2a397b924d5e4b051ed&oe=5A6F1D8B;./images/186_114517875225866_1466252813385692.jpg;George Ciccariello (Mic ccmahe:   1- Don't open your mouth about f‘CoIinKaepernick if you haven't opened it about the 15 Black people killed by police since he started kneeling. (13" PR '1"   2,677 a m R: 3,378.
114517875225866;1467204653290508;no factual content;Thanks to Todd Holloman;https://scontent.xx.fbcdn.net/v/t1.0-9/14441133_1467204653290508_3809718243539315360_n.jpg?oh=8d0b3d59c8c764f76d1951938ab22782&oe=5A6C3E47;./images/187_114517875225866_1467204653290508.jpg;Black lives matter. "All lives matter‘" All? "AIL" Syrian refugees? "Well.." LGBTQ lives? "The Bible says”? Unarmed black men? "Should have compliedm" Poor people on food stamps or some form of assistance? "I'm not subsidizing laziness”? People of different religious faiths than yours or no religious faith? "There‘s only one true..." Here. "What's this?" It‘s a dictionary. Before you say "all lives matter" again, look up the word "all." It‘s toward the front.
114517875225866;1467428826601424;mostly true;Thanks to Snarky Democrat;https://scontent.xx.fbcdn.net/v/t1.0-0/p480x480/14390704_1467428826601424_725088341065651739_n.png?oh=2cc106756d6a18b4fe9d057300605724&oe=5AAB20C6;./images/188_114517875225866_1467428826601424.jpg;Tllllllll S Illllo camnaiun chalrnerson KATHY Mlllill salll "lllﬂle was      That's Ilka 88““! there was heme Tllllllll SIIIIIIIII’IIEI'S. FBISNARKVDIMOCRAT @SNARKVDEMO
114517875225866;1470887229588917;no factual content;;https://scontent.xx.fbcdn.net/v/t1.0-9/p720x720/14469644_10155264838325968_5358049694249971640_n.png?oh=a5003401c647c0b6a7c35ffe1034b756&oe=5AA780BA;./images/189_114517875225866_1470887229588917.jpg;Dear Lester Holt, Journalists and debate moderators should not be operating as stenographers, they should be arbiters of facts. When a candidate does not tell the truth, you must call out the lies in real time. Sincerely, The American people
114517875225866;1470915582919415;mostly true;YO.;https://scontent.xx.fbcdn.net/v/t1.0-9/12799334_1257694300908212_5891792947485622961_n.png?oh=be33869af843f60ef1541fc871442384&oe=5AAEFCAB;./images/190_114517875225866_1470915582919415.jpg;88% OF THE SEATS Ill CONGRESS ARE UP FOR RE-ELEC'I'IOII THIS YEAR ,, w' k :1 w- ~ IF YOU HATE All. THESE GUYS, GOOD NEWS: YOU COULD VOTE ‘EM All. 001' Ill NOVEMBER
114517875225866;1470917416252565;mostly true;Gee, that sounds familiar...;https://scontent.xx.fbcdn.net/v/t1.0-9/s720x720/13680943_10154377560689700_7427588325873434916_n.jpg?oh=fb948dd3dbd8ef13869f6513619fb148&oe=5AA0D1D2;./images/191_114517875225866_1470917416252565.jpg;What Americans thought of the Civil Rights movement in 1964... 63% said they “push too fast.” 58% said most were violent. 58% said they hurt their own cause. mum ELEUIoNsmesoRo
114517875225866;1471176549559985;no factual content;;https://scontent.xx.fbcdn.net/v/t1.0-9/14494618_1471176549559985_5657263701816981519_n.png?oh=838e1868bfc2ae883da83e2d64c7a515&oe=5A9D4877;./images/192_114517875225866_1471176549559985.jpg;I DON’T KIIOW WHO IS WINNING THIS DEBATE 4 “'1 , 39% gtia v’a’ M? W   V'IIA I. DEEA—TE BUT I KIIOIII 'I'I'IA'I LESTER HOLT HAS ALREADY LOST I'I
114517875225866;1471179969559643;no factual content;;https://scontent.xx.fbcdn.net/v/t1.0-9/14440634_1471179969559643_902409180214815685_n.png?oh=b3eb9c5a04c2af00965ba7cb6e7c8e85&oe=5AA2698B;./images/193_114517875225866_1471179969559643.jpg;CNN lAUNCHES MAHHUN'I' AFTER [ESTER HOLT VAHISHES FROM DEBATE AIIDY BOROWI'I'Z
114517875225866;1471187602892213;no factual content;Happening Now;https://scontent.xx.fbcdn.net/v/t1.0-9/s720x720/14494628_1471187602892213_4861444322834768276_n.jpg?oh=201371d98d8d243660630397f31ca92a&oe=5AA724DD;./images/194_114517875225866_1471187602892213.jpg;“'4 NBC NEWS LIVE    *THE PRESIIIENTIAI. DEBATE a
114517875225866;1471196759557964;no factual content;;https://scontent.xx.fbcdn.net/v/t1.0-9/14440832_1471196759557964_6111469469821460385_n.jpg?oh=52d37ea76d3041262e7354fa46608a3c&oe=5A67E604;./images/195_114517875225866_1471196759557964.jpg;
114517875225866;1471213142889659;no factual content;;https://scontent.xx.fbcdn.net/v/t1.0-9/14462997_1252978291461889_4167866573336832938_n.jpg?oh=b62b9897b67158c037faf4a63150ab23&oe=5AA5501D;./images/196_114517875225866_1471213142889659.jpg;IEAR TRUMP, AS SﬂﬂN AS YOU TRAVEL TO . NEGﬂTIATE PEABE DEALS WITH OUR ADVERSARIES ARDUNI THE WORLI, AND PﬂWER THROUGH AN BﬂNGRESSIUNAL WITBHHUNT HEARING... WWWWWWWWWW
114517875225866;1471293542881619;no factual content;;https://scontent.xx.fbcdn.net/v/t1.0-9/s720x720/14463038_1471293542881619_3515351951340225209_n.jpg?oh=a0b5a41d125bed74b56edb70d49ad493&oe=5AA94263;./images/197_114517875225866_1471293542881619.jpg;. Betty F*ckin' White @Bettchkahite If you stay in a Trump hotel, refuse to pay. Say that you weren't satisﬁed. He said that's cool. #debatenighti 941PM 2689010 10K ?ak MIT 16:, 13.6K \ \KH‘)
114517875225866;1471951622815811;no factual content;;https://scontent.xx.fbcdn.net/v/t1.0-9/s720x720/14463240_1471951622815811_6661956333573200969_n.jpg?oh=3895932d100ffebd4054840f59ed003e&oe=5AA46AA3;./images/198_114517875225866_1471951622815811.jpg;. Maddie Stone 0 v @themadstone   The only winner tonight is the Voyager probe, which is speeding away from the Earth at 17 kilometers/second #debatenight i 9/26/16, 7:34 PM 10.5K RETWEETS 13.1K LIKES
114517875225866;1472225646121742;mostly true;;https://scontent.xx.fbcdn.net/v/t1.0-9/s720x720/14463056_1472225646121742_4325630689111633202_n.jpg?oh=fa14c29fb88b9542ff79c2c2dfdbf74b&oe=5A9D7A6B;./images/199_114517875225866_1472225646121742.jpg;Donald: "Our country needs to build roads, bridges..." Hillary: "Well maybe if you paid your income taxes we could." #debate \ﬁi
114517875225866;1472276022783371;no factual content;Real talk.;https://scontent.xx.fbcdn.net/v/t1.0-9/s720x720/14492481_1472276022783371_7473136904230883900_n.png?oh=1150d9a661a7893436a6ace1577506ef&oe=5A652864;./images/200_114517875225866_1472276022783371.jpg;"000 Verizon ’5‘ 21:48 (6} 4 0‘ >l§ 34%:lv ( Tweet Q Z ' bob ross @em,star8 If I had a $ for all the money Donald doesnt pay in taxes and all the emails Hillary hid I'd still be in debt from college #TheresReallssues 9/26/16, 21:41
114517875225866;1472332029444437;mostly true;Sí, se puede!;https://scontent.xx.fbcdn.net/v/t1.0-9/14448910_1472332029444437_8788753066451921256_n.png?oh=794576d086782d4ffa8947d58785e203&oe=5AA0B57D;./images/201_114517875225866_1472332029444437.jpg;GOOGLE SEARCHES FOR ‘REGIS'I'RARSE PARA VO'I'AR’ HIT AI.I.-'I'IME HIGH   DURING DEBATE
114517875225866;1472334342777539;no factual content;False logic is false.;https://scontent.xx.fbcdn.net/v/t1.0-9/14470555_1472334342777539_7491201024415765996_n.png?oh=4811b774a2574b96557d568d1c1c19c2&oe=5AA9FF20;./images/202_114517875225866_1472334342777539.jpg;|“If they don’t likeruiriilag, get the hell out. ||d9n’t see this country that people I say are going on.’ Mike Ditka ﬂ      Really? ljust ate a sandwich so I _guess world hunger Isn ’ta problem either. "ll|
114517875225866;1472337436110563;mostly true;Please #VoteClimate in November: bit.ly/Vote4Climate;https://scontent.xx.fbcdn.net/v/t1.0-9/14479563_1472337436110563_8859269103551618237_n.png?oh=e53c329b73374da4889675665b74962d&oe=5AA7CE6D;./images/203_114517875225866_1472337436110563.jpg;|DUTCH PARLIAMENT VOTES 'I'0 SHUT DOWN llE'l'HERLAIID’S REMAINING COM. _ FIRED POWER PLANTS ‘ v||$\“x\mvv w i Wmﬁma’ ,~    MEAinm E ‘AMEnIcA STILL BLOWING TOPS ’0EE ITS mounmns Io : unu MORE mm coAL|
114517875225866;1472393432771630;mostly true;Here's why we gotta #VoteClimate folks: bit.ly/Vote4Climate;https://scontent.xx.fbcdn.net/v/t1.0-9/s720x720/14441115_1472393432771630_3642142250362277478_n.png?oh=d82d9336e3afba9ca8e63470a7d88349&oe=5AAAD4B9;./images/204_114517875225866_1472393432771630.jpg;, Alex Edelman 0 ' @Alex_Ede!man “I never said climate change was a hoax” #debatenight i a Snmamm Ruym and mmmsww WMHJ.M. nwDMx-ﬂnmm ??Jarﬂmd mlnYmew-m,mm m mm... / xnmwwmmm* « u . & Nwmiwwwnmmmrwmmwlnm.lieu! nommy um waning monvyon an own wmumu m7 « u 973 v 2‘  . DomldLm-np. vealDorchmma zsmznu mmmmmummmmwmmsmwm closing « v.12» v22: . nomw.me mmamg 23mm: II MuTvaRan-x: mmm. m0 ‘ma‘Dc-wa‘mnu s Dec 2m mmmmmmmnugnmn/ eun-mm-nny Ilvlmmlallruln uym «   v )6   . ,oRmNnrnaw‘vaRmm-uwa nmm.m. momavmn smmm lummhle-mmfm-ImhLo¢NWInan'Immu. ¢~ a m
114517875225866;1472393822771591;no factual content;Word.;https://scontent.xx.fbcdn.net/v/t1.0-9/p720x720/14484921_1472393822771591_58569789119193841_n.jpg?oh=37b17f0774e64c13cfcd9139c76c932b&oe=5A65FA5A;./images/205_114517875225866_1472393822771591.jpg;The war on drugs brought in more drugs. And the war on terrorists created more terrorists. Maybe next year we can have a war on farmers markets.
114517875225866;1472655802745393;no factual content;;https://scontent.xx.fbcdn.net/v/t31.0-8/s720x720/14380059_1472655802745393_4368714532549381850_o.jpg?oh=373d63e536bff136eb51bd0ee3b999d0&oe=5AA908AF;./images/206_114517875225866_1472655802745393.jpg;Mark Peters ' ‘ @wordlust So excited for the season finale of America. 9/26/16, 8:51 PM
